,Patient ID,Event Name,Age,Race (choice=Black or African American),Years seropositive,Nadir CD4 count (cells/uL),Latest CD4 count (cells/uL),Latest CD8 count (cells/uL),Peak viral load (copies/mL),Latest viral load,Total Modified Hopkins Dementia Score,Current ART status,Gender,Current Drug use,Tat_len,Tat_Seq
0,A0001,R01,52.0,1,12.0,301.0,724.0,1423.0,65000.0,80.0,,1,1,0,102,MDPVDPRLEPWKHPGSQPRTPCTACYCKKCCWHCQVCFTRKGLGISYGRKKRGQRRRSPQGSKTHQDPLPKQSAPQLRGDPTGPEESKKKVERETETDPVDQ
1,A0001,R03,53.0,1,13.0,301.0,858.0,1736.0,65000.0,48.0,5.0,1,1,0,86,MEPVDPRLEPWKHPGSQPRTPCTACYCKKCCFHCQVCFTRKGLDISYGRKKRGQRRRAPQDSEDHQGSLSKQSAPQLRGDPTGPEE
2,A0001,R04,54.0,1,14.0,301.0,689.0,1378.0,65000.0,48.0,8.5,1,1,0,10,INPVNPRLKP
3,A0001,R09,59.0,1,19.0,400.0,797.0,1131.0,987.0,20.0,4.0,1,1,0,102,MEPVDPRLEPWKHPGSQPRTPCTACYCKKCCLHCQVCFTRKGLGISYGRKKRGQRRRTPXDXEDXXXXLXKQSAPQLRGDPTGPKESKKKVERETETDPVDQ
4,A0002,R00,56.0,1,6.0,343.0,505.0,799.0,12869.0,50.0,,1,0,0,101,MEPVDPRLEPWKHPGSQPKTPCTPCYCKRCCFHCQVCFITKGLGISYGRKKRRQRRRAPPDSETHQASLSKQPTSQPRGDPTGPKEXKKKVERETETXPFD
5,A0002,R02,57.0,1,6.0,343.0,777.0,803.0,12869.0,48.0,6.5,1,0,0,101,MEPVDPRLEPWKHPGSRPKTDCPKCYCKRCCFHCQVCFLTKGLGISYGRKKRRQRRRPPQDSETHQASLSKQPSSQPRGDPTGPKEQKKKVESEATADPCD
6,A0002,R10,62.0,1,22.0,343.0,841.0,,12869.0,20.0,9.0,1,0,0,102,MEXXDXRLEPWKHPGSQPKTACTNXYCKXCCFHCQVCFITKGLGXSYGRKKRRQRRRXHQDSQXHQASLSKQPTAQPRGDPTGPKESKKKVERETETDPVNQ
7,A0002,R11,62.0,1,23.0,672.0,727.0,1050.0,50.0,20.0,8.0,1,0,0,102,MDPVDPRLEPWKHPGSQPKTPCTPCYCKKCCFHCQVCFTTKGLGISYGRKKRRQRRRAPPDSQTHQASLPKQPTAQPRGDPTGPKESKKKVERETETDPVNQ
8,A0003,R00,55.0,1,12.0,,635.0,729.0,,80.0,,1,1,0,86,MEPVDPRLEPWKHPGSQPKTPCTPCYCKRCCFHCQVCFMTKGLGISYGRKKRRQRRRAPPDSETHQASLSKQPTSQPRGDPTGPKE
9,A0004,R00,57.0,1,7.0,2.0,400.0,1383.0,156550.0,276.0,,1,1,0,101,MEPVDPRLEPWKHPGSQPKTPCTPCYCKRCCFHCQVCFITKGLGISYGRKKRRQRRRAPPDSETHQASLSKQPTSQPRGDPTGPXXXKKKVETEAETDQFD
10,A0004,R01,58.0,1,20.0,2.0,546.0,1634.0,156550.0,276.0,,1,1,0,101,MDPVDPSLEPWEHPGSQPKTACTNCYCKKCCFHCQVCFITKGLGISYGRKKRRQRRRAHQDSQXHQXXXXKQPSSQSRGDPTGPKESKKKVESETETDPFD
11,A0004,R02,60.0,1,9.0,2.0,470.0,1253.0,156550.0,280.0,1.5,1,1,0,101,MEPVDPSLEPWKHPGSQPKTACTNCYCKKCCFHCQVCFITKGLGISYGRKKRRQRRRAPQDSQIHQVXLSKQPTSQPRGDPTGPKEQKKKVETEAETDQFD
12,A0004,R03,59.0,1,13.0,2.0,473.0,1334.0,156550.0,450.0,5.0,1,1,0,101,MEPVDPSLEPWEHPGSQPKTACTNCYCKKCCFHCQVCFXTKGLGISYGRKKRRQRRRAHQDSQIHQAXLSKQPTSQPRGDPTGPKEQKKKVETEAETDQFD
13,A0004,R04,60.0,1,14.0,2.0,427.0,1135.0,156550.0,48.0,6.5,1,1,0,101,MEPVDPSLEPWXHPGSQPKTACTNCYCKKCCFHCQVCFXTKGLGISYGRKKRRQRRRAHQDSQIHQVXLPKQPTSQPRGDPTGPKEQKKKVETEAETDQFD
14,A0004,R05,60.0,0,14.0,2.0,491.0,1345.0,156550.0,48.0,9.0,1,1,0,101,MEPVDPSLEPWKHPGSQPKTACTNCYCKKCCFHCQVCFITKGLGISYGRKKRRQRRRAHQDSQIHQASLXXQPTSQPRGDPTGPKEQKKKVETEAETDQFD
15,A0004,R06,61.0,0,14.0,2.0,423.0,1498.0,156550.0,48.0,7.5,1,1,0,101,MEPVDPSLEPWKHPGSQPKTACTNCYCKKCCFHCQVCFITKGLGISYGRKKRRQRRRAHQDSQIHQAXLSKQPTSQPRGDPTGPKKPKKKVETEAETDQFD
16,A0004,R07,62.0,1,13.0,4.0,588.0,,156558.0,20.0,3.0,1,1,0,101,MEPVDPSLEPWKHPGSQPKTACTNCYCKKCCFHCQVCFITKGLGISYGRKKRRQRRRAHQDSQIHQVPLSKQXTSQPRGDPTGPKEQKKKVETEAETDQFD
17,A0004,R10,65.0,1,21.0,374.0,749.0,1558.0,830.0,30.0,4.0,1,1,0,101,MEPVDPSLEPWKHPGSQPKTACTNCYCKKCCFHCQVCFITKGLGISYGRKKRRQRXRAHQDSQIHQAXLPKQPTSQPRGDPTGPKKPKKKVETEAETDQFD
18,A0005,R00,47.0,1,22.0,136.0,784.0,1733.0,30418.0,50.0,,1,1,1,101,MDPVDPRLEPWKQPGSQPKTACTTCYCKKCCLHCQVCFITKGLGISYGRKKRRKRRRAPQGSQTHQVSLSKQPTSQLRGDPTGPTESKKKVERETETDPVN
19,A0005,R01,49.0,1,24.0,136.0,446.0,1264.0,50006.0,48.0,9.0,1,1,1,101,MEPIDPRLEPWQHPGSQPKTACTACYCKQCCYHCQHCFITKGLGISYGRKKWRKRRRAHQDSQTHQGSLSKQPASQPRGDPTGPKESKKKVERETETDPVD
20,A0005,R03,50.0,0,25.0,400.0,775.0,2679.0,50006.0,48.0,12.0,1,1,1,101,MDPVDPRLEPWKHPGSQPKXXCTNCYCKKCCXHCQVCXXTKGLGISYGRKKRRQRRRXPQDSEXHQVSXSKQPTSQLRGDPTGPKESKKKVERETETDPVN
21,A0005,R04,53.0,1,27.0,397.0,468.0,,50006.0,50.0,10.5,1,1,1,101,MDPVDPRLEPWKHPGSQPKTACTKCYCKKCCWHCQACFITKGLGISYGRKKRRQRRRSPQGSKTHQDPLPKQPTSQLRGDPTGPKESKKKVERETEADPVN
22,A0008,R00,50.0,1,9.0,78.0,412.0,1114.0,400.0,59.0,,1,1,1,101,MEPVDPRLEPWNHPGSQPKTPCTPCYCKRCCFHCQVCFITKGLGISYGRKKRRQRRRSPPDSETHQASLSKQPASQRREDPTGPKESKKKVERETETDPVH
23,A0008,R01,51.0,1,11.0,78.0,372.0,963.0,400.0,50.0,,1,1,1,101,MEPVDPSLEPWKHPGSQPKTACNTCYCKRCCLHCQYCFTTKGLGISYGRKKRRQRRRPAQGSETGQVPLSKQPTPQRRGDPTGPKESKKKVERETETDPVH
24,A0008,R02,51.0,1,12.0,78.0,370.0,1004.0,400.0,96.0,6.0,1,1,0,101,MEPVDPNLEPWKHPGSQPRTACNNCYCKKCCFHCQVCFTKKGLGISYGRKKRRQRRRPPQDSQTHQSSLSKQXXXQPGGDPTGPKESKKKVERETEADPSN
25,A0008,R06,57.0,1,20.0,246.0,701.0,483.0,6421.0,20.0,9.0,1,1,0,101,MEPVDPRLEPWKHPGSQPKTACNTCYCKRCCLHCQVCFITKGLGISYGRKKRRQRRRAAQDSETRQVPLSKQPASQRRGDPTGXKESKKKVERETETDPVH
26,A0008,R08,58.0,1,20.0,246.0,723.0,483.0,6421.0,20.0,7.0,1,1,1,101,MEPVDPRLEPWKHPGSQPKTACNTCYCKRCCLHCQVCFMKKGLGISYGRKKRRQRRRAAQDSEDRQGPLSKQPXPQRRGDPTGPKESKKKVERETETDPVH
27,A0010,R00,52.0,1,13.0,347.0,1659.0,1505.0,46602.0,50.0,,1,1,0,86,MEPVDPRLEPWKHPGSQPKTPCTPCYCKRCCFHCQVCFITKGLGISYGRKKRRQRRRAPPDSETHQASLSKQPASQPRGDPTGPKE
28,A0010,R01,53.0,1,14.0,347.0,1362.0,855.0,46602.0,119.0,,1,1,0,86,MEPVDPRLEPWKHPGSQPRTPCTPCYCKKCCFHCQVCFITKGLGISYGRKKRRQRRXPPQDSQTHQASLSKQPASQPRGNPTGPKE
29,A0010,R05,55.0,1,17.0,347.0,1204.0,728.0,46602.0,,5.0,1,1,0,86,MEPVDPRLEPWKHPGSQPKTPCTXCYCKKCCFHCQVCFXTKGLGISYGRKKRRQRRRAPXNXXXHQASLSKQPASQPRGDPTGPKE
30,A0010,R06,59.0,1,21.0,448.0,1173.0,605.0,470.0,40.0,2.0,1,1,0,86,MEPVDPRLEPWKHPGSQPKTPCTPCYCKKCCFHCQVCFITKGLGISYGRKKRRQRRRPPQDXXTHQASLSKQPASQPRGDPTGPKE
31,A0010,R08,59.0,1,21.0,448.0,1167.0,663.0,470.0,20.0,4.0,1,1,0,86,MEPVDPRLEPWXHPGSQPKTPCTPCYCKKCCFHCQVXFITKGLGISYGRKKRRQRRXXXQDXXTXXASXSKXPASQPRGDPTGPKE
32,A0011,R00,53.0,1,8.0,,,,,,,0,0,0,101,MEPVDPRLEPWKHPGSQPKTPCTPCYCKRCCFHCQVCFITKGLGISYGRKKRRQRRRAPPDSETHQASLSKQPASQPRGDPTGPKEQKKXVERETETDPFD
33,A0012,R00,55.0,1,22.0,543.0,543.0,1697.0,362.0,362.0,,1,1,0,101,MEPVDPXLEPWKHPGSQPKTPCTPCYCKRCCFHCQVCFITKGLGISYGRKKRRQRRRAPPDSETHQASLSKQPTSQPXGDPTGPKESEKKVERXTXTHPDD
34,A0012,R01,62.0,1,30.0,403.0,1023.0,1599.0,27550.0,20.0,5.0,1,1,0,10,IEPVDPRLEP
35,A0013,R00,60.0,1,9.0,486.0,560.0,1054.0,168824.0,144.0,,1,1,0,101,MEPVDPRLEPWKHPGSQPKTPCTPCYCKRCCFHCQVCFITKGLGISYGRKKRRQRRRAPPDSETHQASLSKQPTSQPRGDQTGQKEPKKKVETETETDPID
36,A0013,R01,62.0,1,10.0,486.0,789.0,1063.0,168824.0,48.0,10.0,1,1,1,31,MDPVDPRLEPWKHPGSQPKTACTSCFCKKCC
37,A0013,R04,65.0,1,12.0,486.0,678.0,945.0,168824.0,20.0,8.5,1,1,0,10,IDPVDPRLEP
38,A0013,R05,65.0,1,13.0,486.0,553.0,,168824.0,3054.0,11.0,1,1,0,101,MEPVDPRLEPWKHPGSQPKTACNTCYCKRCCLHCQVCFITKGLGISYGRKKRRQRRRAAQDSETRQVPLSKQPTPQRRGDPTGPKESKKKVERETETDPVH
39,A0013,R06,66.0,1,13.0,486.0,607.0,,168824.0,20.0,,1,1,0,31,MDPVDPRLEPWKHPGSQPKTACTSCFCKRCC
40,A0014,R00,52.0,1,15.0,400.0,609.0,1117.0,50.0,55.0,,1,1,0,101,MEPVDPRLEPWNHPGSQPKTPCTPCYCKRCCLHCQVCFITKGLGISYGRKKRRKRRRSPPDSETHQEPLSKQPASQQRGDPTGPKESKEKVEREAETHPDH
41,A0015,R05,49.0,1,26.0,224.0,449.0,2025.0,79074.0,48.0,11.0,1,1,0,101,MDPVDPRLEPWKHPGSQPKTACTTCYCKKCCFHCQVCFITKGLGISYGRKKRRQRRRAPQDSQAHQGSLPKQPTSQPRGDPTGPKEXKKKVERETETDPFD
42,A0016,R00,41.0,1,24.0,,285.0,1161.0,358617.0,344.0,,1,1,1,101,MEPVDPRLEPWKHPGSQPKTPCTPCYCKRCCFHCQVCFITKGLGISYGRKKRRQRRRAPPDSETHQASLSKQPSSQPRGDPTGPKESKEKVERETETDPVH
43,A0016,R01,41.0,1,24.0,9.0,285.0,1161.0,358617.0,344.0,,1,1,1,101,MEPVDPRXEPWKHPGSQPRTACTSCYCKKCCFHCQVCFITKGLGISYGRKKRDSDEELLKTVRLIKRLYQSRPTSQPRGDPTGPKEPKKKVERETETDPEH
44,A0017,R00,30.0,1,4.0,7.0,878.0,701.0,100000.0,50.0,,1,0,0,101,MEPVDPRLEPWNHPGSQPKTPCTPCYCKRCCLHCQVCFITKGLGISYGRKKRRKRRRSPPDSETHQEPLSKQPTSQPRGDPTGPEESKKKVARETETHPRD
45,A0017,R01,30.0,1,6.0,7.0,878.0,701.0,100000.0,50.0,,1,0,0,101,MELVDPKLEPWKHPGSQPKTPCTKCYCKKCCYHCQMCFXXKGLGISYGRKKRRXRRXAPXSSQTHQAXXSKQPASQPRGDPTGPTESKKKVERETATDQED
46,A0017,R02,31.0,1,0.0,7.0,566.0,374.0,100000.0,50.0,10.0,1,0,0,101,MELVDPKLEPWKHPGSQPKTPCTKCYCKKCCYHCQMCFTTKGLGISYGRKKRRQRRRAPQNSQTHQASVSKQPASQPRGDPTGPTESKKKVERETATDQED
47,A0017,R03,31.0,1,8.0,7.0,616.0,509.0,100000.0,48.0,10.0,1,0,0,101,MELVDPKLEPWKHPGSQPKTPCTKCYCKKCCYHCQMCFTTKGLGISYGRKKRRQRRRAPQNSQTHQASLSKQPASQPRGDPTGPTESKKKVERETATDQED
48,A0017,R04,34.0,1,9.0,7.0,1155.0,616.0,100000.0,48.0,9.0,1,0,0,101,MEPVDPRLEPWKHPGSQPKTACTNCYCKKCCLHCQMCFTKKGLGISYGRKKRRQRRRTPQDSEDHQGSLSKQPASQPRGDPTGPTESKKKVERETATDQED
49,A0017,R05,35.0,1,10.0,7.0,553.0,283.0,100000.0,89.0,7.5,1,0,0,31,MELVDPKLEPWKHPGSQPKTPCTKCYCKKCC
50,A0017,R06,35.0,1,11.0,7.0,781.0,,100000.0,20.0,8.5,1,0,0,101,MELVDPKLEPWKHPGSQPKTPCTKCYCKKCCYHCQMCFTTKGLGISYGRKKRRQRRRAPQDSQTHQASLPKQPASQPRGDPTGPTESKKKVERETATDQED
51,A0017,R07,36.0,1,12.0,7.0,746.0,498.0,100000.0,38.0,10.0,1,0,0,101,MELVDPKLEPWKHPGSQPKTPCTKCYCKKCCYHCQMCFTTKGLGISYGRKKRRQRRRAPQNSQTHQASLSKQPASQPRGDPTGPTESKKKVERETATDQED
52,A0017,R09,37.0,1,13.0,7.0,356.0,413.0,140.0,22.0,8.0,1,0,0,101,MELVDPKLEPWKHPGSQPKTPCTKCYCKKCCYHCQMCFTTKGLGISYGRKKRRQRRRAPQNSQTHQASXSKQPASQPRGDPTGPTESKKKVERETATDQED
53,A0017,R10,38.0,1,14.0,7.0,906.0,413.0,140.0,26.0,5.5,1,0,0,101,MELVDPKLEPWKHPGSQPKTPCTKCYCKKCCYHCQMCFMTKGLGISYGRKKRRQRRRAPQNSQTHQASLSXXPASQPRGDPTGPTESKKKVERETATDQED
54,A0018,R02,48.0,1,15.0,541.0,653.0,1070.0,17447.0,11310.0,7.0,1,1,1,101,MEPVDPRLEPWKHPGSQPXTACTTCYCKXCCFHCQVCFTKKGLGISYGRKKRRQRRTAPQDSSTHQVSLSKQPTSQPRGDPTGPKESKKKVEREAETDPDN
55,A0019,R00,38.0,0,7.0,241.0,336.0,954.0,482000.0,7100000.0,,0,0,0,101,MEPVDPRLEPWKHPGSQPRTACTXCYCKKCCFHCQVCFITKGLGISYGRKKRGQRRRAPQDSETHQASLSKQPTSQPRGDPTGPKEPKKKVERETETDPEH
56,A0019,R01,40.0,0,9.0,134.0,582.0,2426.0,482000.0,110.0,11.0,1,0,1,101,MEPVDPRLEPWKHPGSQPRTACTPCYCKKCCFHCQVCFITKGLGISYGRKKRGQRRRAPQDSETHQASLSKQPTSQPRGDPTGPKEPKKKVERETETDPEH
57,A0019,R02,,0,,,,,,,,0,0,0,86,MEPVDPRLEPWKHPGSQPRTACTSCYCKKCCFHCQVCFITKGLGISYGRKKRGQRRRAPQDSETHQASLSKQPTSQSRGDPTGPKE
58,A0019,R03,,0,,,,,,,,0,0,0,101,MEPVDPRLEPWKHPGSQPRTACTSCYCKKCCFHCQVCFITKGLGISYGRKKRGQRRRAPQDSETHQASLSKQPTSQPRGDPTGPKEPKKKVERETETDPEH
59,A0019,R04,,0,,,,,,,,0,0,0,101,MEPVDPRLEPWKHPGSQPRTACTTCYCKKCCLHCQVCFMKKGLGISYGRKKRGQRRRTPQDSEDHQGSLSKQPTSQPRGDPTGPKEQKKKVERETETDPEH
60,A0019,R05,,0,,,,,,,,0,0,0,101,MEPVDPRLEPWKHPGSQPRTACTSCYCKKCCFHCQVCFITKGLGISYGRKKRDSDEELLKTVRLIKRLYQSRPTSQPRGDPTGPKEPKKKVERETETDPEH
61,A0019,R06,42.0,0,12.0,245.0,515.0,,92861.0,48.0,12.0,1,0,1,101,MEPVDPRLEPWKHPGSQPRTACTTCYCKKCCFHCQVCFITKGLGISYGRKKRDSDEELLKTVRLIXXLYQSRPTSQPRGDPTGPKEPKKKVERETETDPEH
62,A0019,R08,46.0,0,13.0,245.0,929.0,,124036.0,58.0,12.0,1,0,1,101,MEPVDPRLEPWKHPGSQPRTACTSCYCKKCCFHCQVCFITKGLGISYGRKKRGQRRRAPQDSETHQASLSKQPTSQPRGDPTGPKEQKKKVERETETDPEH
63,A0019,R09,46.0,0,13.0,245.0,929.0,,124036.0,58.0,12.0,1,0,1,101,MEPVDPRLEPWKHPGSQPRTACTPCYCKKCCFHCQVCFITKGLGISYGRKKRGQRRRAPQDSETHQASLSKQPASQTGGDQTGPKESKKKVERETETDPVH
64,A0019,R10,45.0,0,14.0,134.0,612.0,1135.0,164020.0,20.0,12.0,1,0,1,101,MEPVDPRLEPWKHPGSQPRTACTSCYCKKCCFHCQVCFITKGLGISYGRKKRGQRRRAPQDSETHQASLSKQPXSQPRGDPTGPKEPKKKVERETETDPEH
65,A0019,R11,46.0,0,15.0,134.0,450.0,578.0,164020.0,20.0,10.0,1,0,1,101,MEPVDPRLEPWKHPGSQPRTACTSCYCKKCCFHCQVCFITKGLGISYGRKKRGQRRRAPQDSETHQASLSKQPTSQPRGDPTGPKEPKKKVERETETDPEH
66,A0022,R00,57.0,1,17.0,146.0,219.0,614.0,83000.0,3889.0,,1,1,0,101,MEPVDPRLEPWNHPGSQPKTPCTPCYCKRCCLHCQVCFITKGLGISYGRKKRRQRRRSPPDSETHQDPLSKQPAPQLRGDPTGPKESKKKVERETETDPVD
67,A0022,R01,59.0,1,26.0,88.0,245.0,909.0,84850.0,370.0,8.5,1,1,0,36,MDPVDPNLEPWKHPGSQPKTACTTCYCKKCCFHCQV
68,A0023,R00,38.0,1,17.0,4.0,296.0,715.0,287000.0,95.0,,1,1,0,101,MEPVDPRLEPWNHPGSQPKTPCTPCYCKRCCLHCQVCFITKGLGISYGRKKRRKRRRSPPDSETHQEPLSKQPSSQPRGNPTGQKESXEKVERETEADQVD
69,A0023,R01,39.0,1,18.0,,420.0,666.0,,1015.0,,1,1,1,101,MDPVDPSLEPWNHPGSQPKTACNACYCKKCCYHCQYCFVTKGLGISYGRKKRRQRRRAPQGSQIHQDSLSKQPSSQPRGNPTGXKESTEKVERETEADXXD
70,A0024,R00,43.0,0,7.0,266.0,400.0,722.0,50.0,50.0,,1,0,1,101,MEPVDPRLEPWKHPGSQPXTPCTPCYCKRCCFHCQVCFITKGLGISYGRKKRRQRRRXPPDSETHQASLSKQPTSQPRGDPTGPEESKKKVARETETHPRD
71,A0025,R00,49.0,1,6.0,307.0,475.0,929.0,10800.0,4362.0,,0,1,0,101,MDPVDPRLEPWKHPGSQPKTACTKCYCKKCCWHCQACFLTKGLGISYGRKKRRQRRRSPQGSKTHQDPLPKQPXSQPRGDPTGXKEPKXXVETETETDPXD
72,A0025,R05,52.0,1,10.0,237.0,443.0,376.0,51821.0,48.0,10.5,1,1,0,102,MEPVDPRLEPWKHPGSQPRTPCNNCYCKKCCLHCQVCFLTKGLGISYGRKKRRQRRRAPRDSKTHQASLSKQPTAQPRGDPTGPKESKKKVERETETDPVNQ
73,A0025,R07,56.0,1,14.0,237.0,450.0,165.0,51821.0,20.0,5.0,1,1,0,31,MEPVDPRLEPWKHPGSQPRTPCTPCYCKKCC
74,A0025,R09,57.0,1,14.0,237.0,347.0,218.0,51821.0,20.0,4.0,1,1,0,101,MEPVDPRLEPWKHPGSQPKTACTNCYCKKCCLHCQVCFMKKGLGISYGRKKRRQRRRAPQDSEDHQGSLSKQPSSQPRGDPTGPKEQKKEVERETETDPVH
75,A0026,R00,46.0,1,10.0,36.0,227.0,535.0,1401440.0,135.0,,1,1,1,86,MEPVDPRLEPWKHPGSQPKTPCTNCYCKKCCFHCQKCFTTKGLGISYGRKKRRQRRRADQDSQTHXVSLSKQPTSXPRGDPTGPKE
76,A0026,R01,48.0,0,20.0,36.0,224.0,699.0,1401440.0,48.0,9.5,1,1,0,86,MEPVDPRLEPWKHPGSQPKTPCTNCYCKKCCFHCQKCFTTKGLGISYGRKKRRQRRRADQDSQIHQVSLSKQPASQPGGDPTGPKE
77,A0026,R05,,0,,,,,,,,0,0,0,86,MEPVDPRLEPWKHPGSQPKTPCTNCYCKKCCFHCQKCFTTKGLGISYGRKKRRQRRRAXXDSQIHQVSLSKQPASQPGGDPTGPKE
78,A0027,R01,67.0,1,10.0,216.0,419.0,858.0,412832.0,50.0,,1,0,0,101,MEPVDPRLEPWKHPGSQPKTACTSCYCKKCCFHCQVCFITKGLGISYGRKKRRQRRRASQSSESHQSSLSEQPASQPRGDPTGPKESKKTVEKETETDPLD
79,A0027,R05,70.0,1,13.0,216.0,498.0,1119.0,412832.0,150.0,9.5,1,0,0,101,MEPVDPKLEPWKHPGSQPKTACTSCYCKKCCFHCQVCFITKGLGISYGRKKRRQRRXXHQDSQTXXXXXSXQPASQPRGDPTGPKESKKTVEKETETDPLD
80,A0029,R00,48.0,1,5.0,625.0,625.0,1203.0,2342.0,2342.0,,0,0,1,101,MEPVDPSLEPWKHPGSQPRTACNPCFCKKCCFHCQVCFITKGLGISYGRKKRRQRRRAHQDSQTHQVSLSKQPASQPRGDPTGPKESKKKVERETETDPVN
81,A0029,R03,51.0,1,4.0,259.0,259.0,1091.0,17643.0,17643.0,11.5,1,0,0,101,MEPVDPRLEPWKHPGSQPRTPCTACYCKKCCFHCQKCFTRKGLGISYGRKKRGQRRRPPQDSEAHQVSLPKQSASQFRGNQTGPEESKKKVERETEADPGH
82,A0030,R00,36.0,1,6.0,,554.0,603.0,,50.0,,1,0,0,101,MEPVDPRLEPWQHPGSQPKTACNACYCKRCCYHCQHCFTKKGLGISYGRKKWRKRRRAHQDSQTHQGSLSKQPTSQPRGDQTGQKEPKKKVETETETDPID
83,A0031,R00,61.0,1,4.0,330.0,554.0,1323.0,17026.0,50.0,,1,1,0,101,MEPXDXXXEPWXHPGSQPKTACTACYCKKCCFHCQDCFITKGLGISYGRKKRRQRRRXHQDSQTHQXSLSKQPASQLRGDPTGPKESKKEVERETETDPDH
84,A0032,R00,31.0,1,1.0,296.0,440.0,1138.0,304814.0,72.0,,1,0,0,101,MEPVDPXXXPWKHPGSQPXTPCTPCYCKRCCFHCQVCFITKGLGISYGRKKRRQRRRAPPDSETHQASLSKQPTSQSRGDPTGPKESKKKVETEAETDQFD
85,A0034,R00,40.0,1,1.0,582.0,633.0,1340.0,46235.0,46235.0,,0,0,0,101,MDPVDPSLEPWQHPGSQPKTPCTNCYCKKCCFHCQSCXTXKALGISYGRKKRRQRRRAPHDSQTHQASLSKQPTSQSGGDPTGPKESKEKVERETETHPYD
86,A0034,R01,42.0,1,3.0,91.0,170.0,782.0,293260.0,1570.0,12.0,1,0,1,101,MDPVDPXLEPWQHPGSQPKTPCTNCYCKKCCFHCQSCFTRKALGISYGRKKRRQRRRAPQDSQTHQASLSKQPTSQSGGDPTGPKESKKKVERETETHPYD
87,A0035,R00,31.0,1,2.0,,140.0,1967.0,,57.0,,1,0,1,101,MEPVDPRLEPWKHPGSQPRTPCTPCYCKKCCFHCQVCFITKGLGISYGRKKRRQRRRPPQDSETHQASLSKQPXSQLRGDPTGPKESXKXVERETXTDPVH
88,A0036,R00,48.0,1,14.0,150.0,675.0,1377.0,857.0,50.0,,1,1,0,101,XXPXDPXLXPWKHPGSQPKTACTNCYCKXCCFHCQVCFITKGLGISYGRKKRRQRRRAPQDSKTHQTSLSKQPSSXPRGDPTGPKESKKKVERETETDPXX
89,A0037,R00,41.0,1,12.0,174.0,353.0,409.0,163274.0,38541.0,,1,0,0,101,MEPVDPRLEPWKHPGSQPKTPCTXCYCKKCCFHCQACFITKGLGISYGRKKRRQRRRAPYXXXDHXDSLSKQSSPQPRGDPTGPEKQKEEVESKTETDPHD
90,A0037,R01,42.0,1,13.0,174.0,848.0,898.0,163274.0,360.0,,1,0,0,101,MEPVDPRLEPWKHPGSQPKTPCTKCYCKKCCFHCQACFITKGLGISYGRKKRRQRRRAHXNSQDHQDSLSKQPSPQPRGXPTGPEKQKKEXXSEXXTDPFD
91,A0037,R09,48.0,1,20.0,353.0,1418.0,1159.0,38541.0,20.0,9.0,1,0,0,101,MEPVDPRLEPWKHPGSQPKTPCTKCYCKKCCFHCQACFITKGLGISYGRKKRRQRRRAPYNSQDHQDSLSKQSAPQPRGDPTGPEKSKKEVESETETDPHD
92,A0037,R10,48.0,1,20.0,353.0,1418.0,1159.0,38541.0,20.0,10.0,1,0,0,101,MEPVDPRLEPWKHPGSQPKTPCTPCYCKRCCFHCQVCFITKGLGISYGRKKRRQRRRAPPDSETHQDSLSKQSSPQPRGDPTGPEKQKEEVESKTETDPHD
93,A0038,R00,37.0,1,10.0,200.0,908.0,1386.0,10359.0,50.0,,1,0,0,86,MEPVDPRLEPWKHPGSQPKTPCTPCYCKRCCFHCQVCFTTKGLGISYGRKKRRQRRRPPPGSETHQVSLSKQPTSQPXGDPTGPKE
94,A0039,R00,47.0,1,25.0,76.0,76.0,658.0,158825.0,218.0,,1,1,1,101,MEPVDPRLEPWKHPGSQPKTACTPCYCKRCCFHCQVCFTTKGLGISYGRKKRRQRRRPPQGSETHQVSLSKQPTSQPGGDPTGPKESKKTVERETEADPLH
95,A0040,R00,51.0,1,14.0,68.0,1003.0,1769.0,596563.0,107.0,,1,1,0,101,MEPVDPRLEPWKHPGSQPKTACTACYCKQCCYHCQLCFITKGLGISYGRKKWRKRRRAPQDSQTHQGSLSKQPTSQPRGDPTGPKEPKKXVEXXXETDPYD
96,A0041,R00,43.0,1,6.0,509.0,675.0,1473.0,140.0,138.0,,1,1,0,101,MELVDPKLEPWKHPGSQPKTPCTQCYCKKCCYHCQMCFTKKGLGISYGRKKRRQRRRAPQNSQTHQASLSKQPASQLRGDPTGPKEPKKKVERETATDPFD
97,A0041,R01,44.0,1,7.0,455.0,702.0,1482.0,140.0,48.0,,1,1,1,101,MEPVDPRLEPWKHPGSQPKTACTNCYCKKCCFHCQVCFMTKALGISYGRKKRRQRRRAHQNSQTHQXSLSXQPASQLRGDPTGPKEPKKKVERETAADPFD
98,A0041,R04,46.0,1,9.0,455.0,603.0,2470.0,140.0,48.0,5.5,1,1,1,101,MEPVDPRLEPWKHPGSQPKTACTPCYCKKCCFHCQVCFTKKGLGISYGRKKRRQRRRAPQDSQTDQGSLPKQPASQLRGDPTGPKEQKKKVERETATDPFD
99,A0043,R00,49.0,1,2.0,68.0,305.0,646.0,750000.0,50.0,,1,1,0,101,MEPVDPRLEPWKHPGSQPKTPCTTCYCKKCCFHCQVCFTTKGLGVSYGRKKRRQRRRPAQGSQTHQVSLSKQPASQPRGDPTGPEEQKXKVERETETDPNN
100,A0044,R00,42.0,1,12.0,93.0,381.0,318.0,31500.0,62.0,,1,1,0,86,MEPVDPRLEPWKHPGSQPKTPCTPCYCKRCCFHCQVCFITKGLGISYGRKKRRQRRRAPPDSETHQASLSKQPTSQPRGDPTGPKE
101,A0044,R02,44.0,1,14.0,93.0,261.0,206.0,31500.0,280.0,11.0,1,1,0,86,MEPVDPRLEPWKHPGSQPKTACTHCYCKRCCFHCQVCFITKGLGXSYGXKKRRQRRRXPPDXEXHQVSLSKQPASQPRGDPTGPKE
102,A0045,R03,51.0,1,14.0,144.0,560.0,501.0,11104.0,20.0,10.0,1,0,1,101,MEPVDPRLEPWKHPGSQPMTPCTNCYCKKCCFHCQVCFITKGLGISYGRKKRRQRRRAXQXSQTHQVSLSKQPTSQPGGDPTGPKESKKKVETETETHPID
103,A0045,R05,51.0,1,14.0,144.0,646.0,512.0,11104.0,20.0,11.0,1,0,0,101,MEPVDPRLEPWKHPGSQPMTPCTPCYCKRCCFHCQVCFITKGLGISYGRKKRRQRRRSPPDSETHQVPLSKQPTSQPGGDPTGPKESKKKVETETETHPID
104,A0046,R00,56.0,1,3.0,7.0,118.0,1505.0,167043.0,143.0,,1,1,1,10,MEPVDPRLEP
105,A0047,R00,48.0,1,15.0,178.0,221.0,453.0,41090.0,19005.0,,0,1,1,102,MEPVDPRLEPWKHPGSQPRTPCNKCYCKACCLHCQVCFTTKGLGISYGRKKRRQRRRAPPDSQTHQASLSXQPSSQPRGDPTGPKESKKKVESETEADPSAQ
106,A0047,R05,51.0,1,18.0,135.0,458.0,716.0,41090.0,630.0,12.0,1,1,1,102,MEPVDPRLEPWKHPGSQPRTPCTNCYCKACCLHCQVCFTTKGLGISYGRKKRRQRRRAPPDSQTHQASLSKQPTSQPRGDPTGPKESKKKVESETEADPIAQ
107,A0050,R00,58.0,0,24.0,,245.0,811.0,,72.0,,1,1,0,86,MEPVDPRXEPWKHPGSQPRTPCTXCYCKKCCFHCQVCFITKGLGISYGRKKRRQRRRAPQDSQTHQVSLSKQPTSQPRGDPTGPKE
108,A0051,R00,42.0,1,9.0,583.0,703.0,1822.0,3771.0,750.0,,0,1,0,101,MEPVDPRLEPWKHPGSQPRTACTNCFCKKCCFHCQVCFITKGLGISYGXKKRXQRRXAPQNSXTHQVSLSKQPASQARKDPTGPKESKKKVKRETEADPVD
109,A0052,R00,42.0,1,1.0,371.0,434.0,513.0,33904.0,33904.0,,0,0,0,101,MEPVDPRLEPWKHPGSQPKTPCTXCYCKKCCFHCQVCFMTKGLGISYGRKKRRQRRRAXXXXXNHQASLSKQPASQPHGNPTGPKESKKEVERETETDPFX
110,A0052,R01,43.0,1,3.0,336.0,334.0,1574.0,33904.0,31897.0,12.0,0,0,1,101,MEPVXXRLEPWKHPGSQPKTPCTKCYCKKCCFHCQVCFMTKGLGISYGRKKRRQRRRAXQDNQNHQASLSKQPASQPHGDPTGPKKSKKEVERETETDPFX
111,A0055,R00,44.0,0,12.0,,247.0,794.0,,159.0,,1,1,1,101,MEPVDPRLEPWKHPGSQPKTACTPCYCKKCCFHCQVCFTKKALGISYGRKKRRQRRRAPQDSQTDQGSLPKQPSSQQRRDPTGPKKQEKKVERETEADPVH
112,A0056,R00,43.0,1,0.0,420.0,517.0,536.0,90861.0,1148.0,,1,1,1,101,MEPVDPRLEPWKHPGSQPRTPCTACYCKKCCFHCQVCFTRKGLGISYGRKKRGQRRRPPQDXXXHXVSLPKQPSSQPRGXPTGPXXXKKKVESETKADPCD
113,A0056,R01,45.0,1,5.0,420.0,1134.0,1024.0,90861.0,120.0,6.0,1,1,1,101,MEPVDPRLEPWKHPGSRPKTVCPKCYCKRCCFHCQVCFLTKGLGISYGRKKXRQRRRAPQDSETHQASLSKQPSSQPHGDPTGPKEQKKKVESETTADPCD
114,A0058,R00,43.0,1,13.0,384.0,477.0,972.0,10764.0,10764.0,,0,1,1,101,MEPVDPRLEPWKHPGSQPKTACTTCYCKQCCFHCQLCFTTKGLGISYGRKKRRQRRRASQDSQTHQGSLSKQPTSQPRGDPTGPKESKKKVXRETETDPEA
115,A0058,R02,46.0,1,17.0,384.0,570.0,819.0,18370.0,48.0,12.0,0,1,1,86,MEPVDPRLEPWKHPGSQPKTACTNCYCKKCCFHCQVCFTTKGLGISYGRKKRRQRRRPSQGSQTHQVSLSKQPTSQPRGDPTGPKE
116,A0058,R03,47.0,1,18.0,389.0,705.0,1899.0,18370.0,48.0,12.0,1,1,1,86,MEPVDPRLEPWKHPGSQPKTACTNCYCKKCCFHCQVCFTTKGLGISYGRKKRRQRRRTSQNSQTHQDSLSKQPTSQPRGDPTGPKE
117,A0058,R05,47.0,1,18.0,389.0,705.0,761.0,18370.0,48.0,12.0,1,1,0,86,MEPVDPRLEPWKHPGSQPKTACTNCYCKKCCFHCQVCFTTKGLGISYGRKKRRQRRRASQGSQTHQDSLSKQPTSQPRGDPTGPKE
118,A0058,R06,48.0,1,19.0,389.0,652.0,,18370.0,80.0,12.0,1,1,1,101,MEPVDPRLEPWKHPGSQPKTACTNCYCKKCCLHCQVCFTKKGLGISYGRKKRRQRRRASQGSEDHQGSLSKQPTSQPRGDPTGPKESKKKVERETETDPEA
119,A0058,R07,49.0,1,20.0,389.0,894.0,745.0,18370.0,20.0,12.0,1,1,1,86,MEPVDPRLEPWKHPGSQPKTACTNCYCKKCCFHCQVCFTTKGLGISYGRKKRRQRRRASQGSQTHQDSLSKQPTSQPRGDPTGPKE
120,A0058,R09,51.0,1,22.0,477.0,748.0,860.0,18370.0,20.0,11.0,1,1,1,101,MEPVDPRLEPWKHPGSQPKTACTNCYCKKCCFHCQVCFTTKGLGISYGRKKRRQRRRASQGSQTHQDSLSKQPTSQPRGDPTGPKESKKKVERETEADPEA
121,A0058,R10,51.0,1,22.0,477.0,738.0,874.0,18370.0,20.0,12.0,1,1,1,101,MEPVDPRLEPWKHPGSQPKTACTNCYCKKCCFHCQVCFTTKGLGISYGRKKRRQRRRTSQDSQTHQDSLSKQPTSQPRGDPTGPKESKKKVEGETETDPEA
122,A0059,R01,43.0,1,5.0,195.0,195.0,605.0,380310.0,40230.0,11.0,1,1,1,101,MEPVDPSLEPWKHPGSQPRTACNNCFCKKCCFHCQKCFAKKGLGISYGRKKRRQRRKAPQGNQSDQSYLPKQPPSQSRGNPTGPEEQKKKVEKEAETDPFX
123,A0059,R02,43.0,1,7.0,195.0,248.0,1040.0,380310.0,370.0,11.5,1,1,1,101,MDPVDPKLEPWKHPGSQPRTACNNCFCKKCCFHCQKCFAKKGLGISYGRKKRRQRRRAPQGNQSDQSYLPKQPPSQSRGNPTGPEEQKKKVEKEAETDPFA
124,A0059,R03,44.0,1,5.0,195.0,195.0,605.0,380310.0,40230.0,11.5,1,1,1,101,MEPVDPSLEPWKHPGSRPGTPCTXCYCKKCCFHCQVCFLKKGLGISHGRKKRRQRRGPPQSNQSHQASLSKQPPSQSRGNPTGPEEQKKKVEKEAETDPFA
125,A0060,R00,53.0,1,6.0,144.0,183.0,1008.0,,37333.0,,0,0,0,101,MEPVDPRLEPWKHPGSQPETACTACYCKQCCYHCQLCFTQKGLGISYGRKKWRKRRRAHQGSETHQAPLSKQPASQARKDPTGPKESKKKVKRETEADPVD
126,A0062,R01,40.0,1,8.0,284.0,564.0,592.0,196479.0,178.0,8.0,1,0,1,101,MEPVDPRLEPWKHPGSQPXTACTNCYCKKCCFHCQVCFITKGLGISYGRKKRRQRRSAPYNCQDHQNPLPKQPXSQPRGDPTGPKESKKKVESKTETDXXX
127,A0063,R00,67.0,1,14.0,285.0,206.0,3048.0,219231.0,27124.0,,1,1,0,101,MEPVXPRLEPWKHPGSQPSTPCTACYCKXCCFHCQXXFTKKGLGISYGRKKRXXRRXSPXDXXXXQXXLSKQSTPQPRGDQTGPEESKKKVERETETHPVD
128,A0063,R01,68.0,0,,41.0,218.0,,219231.0,36936.0,,1,1,0,101,MEPVDPRLEPWKHPGSQPSTPCTACYCKQCCFHCQLCFTKKGLGISYGRKKRGQRRRPPQDSEAHQGSLPKQSTPQPRGDQTGPEESKKKVERETETHPVD
129,A0063,R05,70.0,1,17.0,41.0,150.0,2353.0,498991.0,185.0,6.5,1,1,1,101,MEPVDPRLEPWKHPGSQPSTPCTACYCKQCCFHCQLCFTKKGLGISYGRKKRGQRRRAPQDSEAHQXSLSKQPASQARKDPTGPKESKKKVKRETEADPVD
130,A0064,R01,45.0,1,15.0,11.0,77.0,700.0,100000.0,880.0,,1,1,0,101,XXXVDXRXXSWKHPGSQPRTPCTPCYCKKCCFHCQVCFMKKGLGISYGRKKRRQRRRPPQDSEAHQGSLSKQPASQERKDSTGPKKPEKKVKRETEADPVP
131,A0065,R00,55.0,1,17.0,,354.0,404.0,,50.0,,1,1,0,101,MEPVDPRLEPWKHPGSQPKTPCTPCYCKRCCFHCQVCFITKGLGISYGRKKRRQRRRAPPDSETHQASLSKQPASQARKDPTGPKESKKKVKRETEADPVD
132,A0067,R00,41.0,1,6.0,1.0,266.0,1197.0,518460.0,404.0,,1,1,0,101,MEPIDPRLEPWKHPGSQPKTPCTPCYCKKCCFHCQVCFTKKGLGISYGRKKRRQRRRAPPDSQTHQASLSKQPTSQPRGDQTGXKEPXXKVETETEAXPVA
133,A0067,R01,42.0,1,7.0,1.0,274.0,1046.0,518460.0,100.0,,1,1,0,86,MEPVDPRLEPWKHPGSQPKTACTTCYCKKCCFHCQVCFTTKALGISYGRKKRRQRRRPPQGSQTHQVSLSKQPTSQPRGDPTGPKE
134,A0067,R03,43.0,1,9.0,1.0,297.0,1161.0,518460.0,110.0,9.5,1,1,0,101,MEPIDPRLEPWKHPGSQPKTACTNCYCKKCCFHCQVCFTKKALGISYGRKKRRQRRRAXQXSQTHQASLSKQSTPQPRGDQTGPEESKKKVERETETHPVD
135,A0068,R00,42.0,1,15.0,215.0,630.0,1005.0,,50.0,,1,0,0,101,MXXVDPRXEPWKHPGXQPKTACTNCYCKKCCFHCQXCFITKGLGISYGRKKRRQRRXAHQDSQIHQXXLSKQPTSQPGGDPTGPKESKKKVERETETDPFD
136,A0068,R02,47.0,1,22.0,215.0,462.0,,1976.0,20.0,9.0,1,0,0,101,MEPVDPRLXPWKHPGSQPKTACTNCYCKKCCLHCQVCFMKKGLGISYGRKKRRQRRRAPQDSEDHQGSLSKQPTSQPRGDQTGQKEPKKKVETETEADPVA
137,A0070,R00,53.0,1,21.0,96.0,144.0,749.0,100000.0,100000.0,,1,1,0,101,MEPVDPRLEPWKHPGSQPKTACTACYCKKCCFHCQVCFITKGLGISYGRKKRRQRRRASQDSPTHQASLSKQPTPQHRGDPTGPKESKKEVERETETDPVH
138,A0070,R01,54.0,1,23.0,300.0,398.0,1718.0,100000.0,210.0,8.0,1,1,0,101,MEPVDPRLEPWKHPGSQPKTACTACYCKKCCFHCQVCFITKGLGISYGRKKRRQRRRXYQDSSTHQAYLSKQPAPQHRGDPTGPKKSKKEVERETETDPVH
139,A0070,R04,57.0,1,26.0,96.0,1182.0,7286.0,446415.0,20.0,8.5,1,1,0,101,MEPVDPRLEPWKHPGSQPKTACNPCYCKKCCFHCQVCFITKGLGISYGRKKRRQRRRAHXDXQXHQGSLSKQPASQPRGNPTGPEKSKKEVERETETDPVH
140,A0071,R00,49.0,1,25.0,564.0,580.0,1428.0,55982.0,55982.0,,0,1,0,31,MDPVDPRLEPWHHPGSQPKTPCTPCFCKRCC
141,A0071,R04,53.0,1,10.0,200.0,560.0,800.0,55982.0,48.0,9.5,1,1,1,101,MEPVDPRLEPWKHPGSQPRTACTSCYCKKCCFHCQVCFITKGLGISYGRKKRRQRRRAXQDSQXHQAXLSKQXXSQPRGDPTGPKESKKKVERETETDPVD
142,A0073,R00,27.0,1,7.0,691.0,756.0,1054.0,4220.0,2133.0,,0,0,1,101,XEPVDPRIEPWKHPGSQPKTACTTCYCKKCCFHCQVCFIQKGLGISYGRKKRRQRRRSPQGSXTHQXSLSKQPASQARKDPTGPKESKKKVKREAEADPVH
143,A0074,R00,45.0,1,11.0,432.0,488.0,778.0,80.0,50.0,,1,0,0,101,MEPVDPRLEPWKHPGSQPKTPCTPCYCKRCCFHCQVCFTTKGLGISYGRKKRRQRRRAPQDSQTHQASLPKQPTSQLRGDPTGPKESKKKVERETKTDPYD
144,A0075,R08,50.0,1,8.0,574.0,1228.0,1865.0,13060.0,3100.0,6.0,1,0,0,101,XEPVDPRLEPWNHPGSQPKTACXTCYCKKCCYHCQYCFVTKGLGISYGRKKRRQRRRAPXGSQTHXXSLSKQPSSQQRGDPTGPKEQKEKVERETETDPDH
145,A0076,R00,47.0,1,27.0,299.0,511.0,3152.0,29537.0,6748.0,,1,1,0,101,MDPVDPRLEPWNHPGSQPKTACTKCYCKKCCLHCQVCFIKKGLGISYGRKKRRQRRRTPQGSQTHQVSLPKQPSSQLRGDPTGPKESKEKVERETETHPVN
146,A0077,R00,36.0,0,3.0,14.0,14.0,351.0,443432.0,67203.0,,1,1,1,101,XEPVDPSLEPWKHPGSRXXTPCTECYCKQCCYHCQLCFLKKGLGISHGRKKWRKRRGPPQSNQTHQGSLSKQPXSXPRGDPTGPKESXKKVEKXTXPDPDP
147,A0077,R01,39.0,0,6.0,14.0,158.0,497.0,443432.0,22010.0,11.0,1,1,0,101,MEPVDPSLEPWKHPGSRPGTPCTKCYCKKCCFHCQVCFLKKGLGISHGRKKRRQRRGPPQSNQSHQASLSKQPTSQPRGDXTGXKESKKKVEXETEXDPXX
148,A0078,R00,59.0,1,21.0,39.0,1129.0,1040.0,321000.0,60.0,,1,0,0,101,MEPVDPRLEPWKHPGSQPKTACTTCYCKKCCFHCQVCFTQKGLGISYGRKKRRQRRRAPQDSQTHQASLSKQPASQPRGDPTGPEESKKKVERETETDPVS
149,A0078,R01,60.0,1,23.0,39.0,777.0,764.0,321000.0,310.0,12.0,1,0,0,101,MEPVDPRLEPWKHPGSQPKTACTTCYCKKCCFHCQVCFTQKGLGISYGRKKRRQRRRAPPDSQSHQASLSKQPASQPRGDSTGPKESKKKVERETETDPVS
150,A0079,R00,22.0,1,22.0,,,,,53977.0,,0,0,0,101,MEPVDPRLEPWKHPGSQPKTPCNNCYCKRCCWHCQLCFTTKGLGISYGRKKRRQRRRAPQGRQTHQVALSEQPTSQAGRDPTGPKESKKEVERETETHPCD
151,A0080,R00,42.0,1,3.0,329.0,564.0,522.0,100000.0,50.0,,1,0,1,86,MEPVDPSLEPWKHPGSQPKTPCTNCYCKQCCFHCQSCFTTKGLGISYGRKKRRQRRKAPHDSQTHXXSLXXQPASQPRGDPTGPKE
152,A0080,R01,43.0,1,5.0,329.0,792.0,551.0,100000.0,48.0,11.0,1,0,0,101,MEPVDPSLEPWKHPGSQPKTPCTNCYCKKCCFHCQSCFTKKGLGISYGRKKRRQRRRTPHDSEDHQGSLSKQPTSQPGGDPTGPKESKKKVERETETNPYV
153,A0080,R02,43.0,1,5.0,329.0,595.0,390.0,100000.0,48.0,10.0,0,0,0,101,MDPVDPSLEPWKHPGSQPKTPCTTCYCKKCCFHCQSCFTTKGLGISYGRKKRRQRRKAPHDSQAHQSPLPKQPTSQPGGDPTGPKESKKKVERETETNPYV
154,A0080,R03,44.0,1,6.0,329.0,994.0,2173.0,100000.0,48.0,12.0,1,0,0,101,MEPVDPSLEPWKHPGSQPKTPCTNCYCKQCCFHCQSCFTTKGLGISYGRKKRRQRRKAPHDSQTHQASLSKQPTSQPGGDPTGPKESKKKVERETETNPYV
155,A0080,R04,45.0,1,7.0,329.0,796.0,1800.0,100000.0,48.0,12.0,1,0,0,101,MEPVDPSLEPWKHPGSQPKTPCTNCYCKQCCFHCQSCFTTKGLGISYGRKKRRQRRKAPHDSQTHQASLSKQPTSQPGGDPTGPKESKKKVERETETNPYV
156,A0080,R05,,0,,,,,,,,0,0,0,101,MEPVDPSLEPWKHPGSQPKTPCTNCYCKQCCFHCQSCFTTKGLGISYGRKKRRQRRKAPHDSQTHQASLSKQPTSQPGGDPTGPKESKKKVERETETNPYV
157,A0080,R06,47.0,1,8.0,329.0,1064.0,624.0,100000.0,20.0,11.0,1,0,0,101,MEPVDPSLEPWKHPGSQPKTPCTNCYCKQCCLHCQSCFTKKGLGISYGRKKRRQRRKTPHDSEDHQSSLSKQPTSQPGGDPTGPKESKKKVERETETNPYV
158,A0080,R07,48.0,1,9.0,329.0,907.0,,100000.0,20.0,12.0,1,0,0,101,MEPVDPSLEPWKHPGSQPKTPCTNCYCKQCCFHCQSCFTTKGLGISYGRKKRRQRRKAPHDSQTHQASLSKQPTSQPGGDPTGPKESKKKVERETETNPYV
159,A0080,R08,48.0,1,9.0,329.0,1069.0,,100000.0,20.0,12.0,1,0,0,101,MEPVDPRLEPWKHPGSQPXTACTTCYCKKCCFHCQVCFITXGLGISYGRKKRRQRRRAPQDSETHQASLSKQPTSQPGGDPTGPKESKKKVERETETNPYV
160,A0080,R11,49.0,1,11.0,447.0,913.0,624.0,100000.0,20.0,12.0,1,0,0,101,MEPVDPSLEPWKHPGSQPKTPCTNCYCKQCCFHCQSCFTTKGLGISYGRKKRRQRRKAPHDSQTHQASLSKQPTSQPGGDPTGPKESKKKVERETETNPYV
161,A0081,R00,47.0,1,22.0,,588.0,2901.0,,213164.0,,1,0,1,101,MDPVDPKLEPWKHPGXQPKTACTKCYCKVCCFHCQVCFITKGLGISYGRKKRRQRRRAPQGSETYQDPLPKQPTSQPRGDPTGPKESXXKVXXXTETDPFA
162,A0082,R00,52.0,1,4.0,,,,,,,0,1,1,102,MDPVDPKLEPWKHPGSQPKTPCTQCYCKGCCFHCQVCFITKGLGISYGRKKRRQRRXAPPDSETHQASLSKQPTSXPRGDPTGPKESXXKVETXTETDPFAX
163,A0082,R04,44.0,1,19.0,1.0,496.0,1114.0,372116.0,48.0,12.0,1,1,0,101,MEPVDPSLEPWKHPGSQPKTACTNCYCKKCCFHCQVCFITKGLGISYGRKKRRQRRRAHQDSQXHQXXXSKQPASQARKDPTGPKESKKKVKRETEADPVD
164,A0083,R01,47.0,1,,626.0,970.0,1209.0,380.0,380.0,9.0,1,1,1,86,MDPVDPRLEPWKHPGSRPNTACTTCYCKKCCFHCQVCFMTKGLGISYGRKKRRQRRRAPPDSPTNQVSLSKQPTSQSRGDPTGPKE
165,A0085,R00,39.0,1,6.0,187.0,331.0,1190.0,100000.0,123.0,,1,0,1,101,MELVDPELEPWKHPGSQPKTACTNCYCKKCCFHCQSCFITKGLGISYGRKKRRQRRRASQDRETYQVPLSKQPASQPRGDPTGPKESKKKVERETETDPDN
166,A0086,R00,48.0,1,3.0,,738.0,1857.0,,676.0,,1,1,0,101,IEPVDPRLEPWKHPGSQPKTACTNCYCKKCCYHCQVCFMTKGLGISYGRKKRRQRRRASQNSETHXXXXXXXPTSQPRGDPTGPEESKKKVERETETHPRD
167,A0087,R00,45.0,1,10.0,125.0,426.0,891.0,260947.0,50.0,,1,1,1,101,MEPVDPRLEPWKHPGSQPRTACTSCYCKKCCFHCQKCFLTKGLGISYGRKKRRQRRRAPQDSQTHQAPLSKXPASQARKDPTGPKESKKKVKRETEADPVD
168,A0087,R03,50.0,1,16.0,125.0,384.0,,260947.0,22.0,11.5,1,1,1,101,MEPVDPRLEPWKHPGSQPKTACTXCYCKKCCFHCQVCFLTKGLGISYGRKKRRQRRRAPXDSQXHQASLSKQPATQPRGDSAGPKESKKEVESKTETDPVP
169,A0088,R00,44.0,1,9.0,296.0,684.0,1409.0,184000.0,108.0,,1,0,0,101,MEPVDPSLAPWKHPGSQPKTPCTNCYCKQCCFHCQSCFTTKGLGISYGRKKRRQRRKAPRDSQTHQDSLSKQPTSQPGGDPTGPKESKKKVERETETDPYV
170,A0089,R00,47.0,1,6.0,301.0,506.0,648.0,32000.0,50.0,,1,0,1,101,MEPIDPRLEPWQHPGSQPKTPCTSCYCKKCCFHCQVCFMTKGLGIYYGRKKRRQRRRAPQDSQTHQASLSKQPTSQPGGDPTGPKEPKKKVERETETDPVS
171,A0089,R02,49.0,1,5.0,301.0,592.0,1721.0,45030.0,48.0,12.0,1,0,0,101,MEPVDPRLEPWKHPGSQPKTACTPCYCKRCCFHCQVCFTTKGLGISYGRKKRGQRRRPPQDSKAHQTALSKQPTSQPGGDPTGPKEPKKKVERETETDPVS
172,A0090,R00,46.0,0,9.0,,192.0,1001.0,,84175.0,,1,0,0,101,MEPVDPRLEPWKHPGSQPKTACTPCYCKKCCFHCQVCFTTKALGISYGRKKRRQRRRPPXDSQTDQASLSKQPTSQSRGNPTGPEESKKKVERETETDQDH
173,A0091,R00,29.0,1,3.0,433.0,554.0,1206.0,191.0,50.0,,1,1,1,86,MEPVDPRLEPWKHPGSQPKTACTPCYCKKCCFHCQVCFTTKALGISYGRKKRRQRRRAPQDSQTDQGYLPKQPXSXPRGDPTGPXE
174,A0092,R00,39.0,1,18.0,,280.0,1090.0,,377.0,,1,1,1,101,MDPXDXRLEPWKHPGSQPKTACTTCYCKKCCYHCQVCFITKGLGISYGRKKRRQRRRAPQDNQTNQVSLPKQPTSQPRGDQTGQKEPKKKVETETEADPVA
175,A0093,R00,43.0,1,9.0,350.0,698.0,1424.0,131401.0,50.0,,1,1,1,86,MEPVDPRLEPWKHPGSQPKTACTTCYCKKCCFHCQVCFTTKALGISYGRKKRRQRRRPPQGSXXHQVSLSKQPTSQPRGDPTGPKE
176,A0093,R05,49.0,1,15.0,52.0,261.0,,131401.0,4835.0,12.0,1,1,0,101,MEPVDPRLEPWKHPGSQPXXACTXXYCKKCCFHCQVCXXXKGLGISYGRKKRRQRRRAXXNSXXHQGSLSKQPXAQPRGDXTGPKESEKKVERETETDPIA
177,A0094,R00,46.0,1,9.0,314.0,421.0,1854.0,750000.0,69173.0,,1,1,1,101,MEPVDPRLEPWQHPGSQPKTPCTNCYCKKCCFHCQICFTRKGLGISHGRKKRRQRRRASQDSQTDQGNLSKQPASQPGGDPTGPKESKKKVERETEADPSN
178,A0094,R01,48.0,1,11.0,314.0,949.0,1890.0,5540000.0,70.0,9.0,1,1,0,101,MEPVDPRLEPWQHPGSQPKTPCTNCYCKKCCFHCQVCFTRKGLGISHGRKKRRQRRRASQDSQTDQGNLSKQPASQPRGDPTGPKESKKKVERETEADPXX
179,A0094,R02,49.0,1,12.0,314.0,949.0,1890.0,5540000.0,48.0,12.0,1,1,1,101,MEPVDPSLEPWKHPGSQPKTPCTNCYCKRCCFHCQVCFTRKGLGISHGRKKRRQRRRASQDSQTHQGSLSKQPASQPGGDPTGPKESKKKVERETEADPSN
180,A0094,R03,50.0,1,11.0,314.0,997.0,3296.0,5540000.0,48.0,10.0,1,1,0,86,MEPVDPRLEPWKHPGSQPKTACTTCYCKKCCFHCQVCFTTKALGISYGRKKRRQRRRPPQGSQTHQVSLSKQPTSQPRGDPTGPKE
181,A0095,R00,48.0,1,10.0,674.0,730.0,818.0,54436.0,9847.0,,0,1,1,101,MEPVDPRLEPWNHPGSQPKTPCTPCYCKRCCLHCQSCFTRKGLGISYGRKKRRKRRRAPQDSQTHQEPLSKQPTSQPGGDPTGPKEPKKKVERETETDPVD
182,A0095,R01,50.0,1,11.0,605.0,770.0,931.0,54436.0,14410.0,10.0,0,1,0,101,MEPVDPRLEPWNHPGSQPKTPCTPCYCKRCCLHCQVCFITKGLGISYGRKKRRKRRRPPQDSEAHQEPLSKQPTSQPRGDPTGPEESKKTVERETETHPRD
183,A0095,R02,51.0,1,14.0,431.0,692.0,2535.0,54436.0,24966.0,8.5,0,1,0,101,MEPIDPRLEPWKHPGSQPKTACTNCYCKKCCFHCQXXFXKKALGXSYGRKKRRQRRRSPQDSETHQEPLSKQPTSQPRGDPTGPEESKKKVERETETHPRD
184,A0095,R03,52.0,1,14.0,431.0,569.0,2143.0,54436.0,25536.0,10.0,0,1,0,101,XEPVDPRLEPWNHPGSQPKTPCTPCYCKRCCLHCQVCFITKGLGISYGRKKRRKRRRSPQDSETHQEPLSKQPTSQPRGDPTGPEESKKKVERETETHPRA
185,A0095,R04,52.0,1,11.0,442.0,479.0,,43700.0,43700.0,12.0,0,1,0,101,MEPVDPRLEPWNHPGSQPKTPCTPCYCKRCCLHCQVCFMKKGLGISYGRKKRRKRRRSPQDSEDHQGPLSKQPTSQPGGDPTGPKESKKKVERETATDPVH
186,A0095,R05,53.0,1,12.0,421.0,479.0,,54436.0,43700.0,8.0,0,1,1,101,MEPVDPRLEPWNHPGSQPKTPCTPCYCKRCCLHCQVCFMKKGLGISYGRKKRRKRRRTPQDSEDHQGPLSKQPTSQPRGDPTGPEESKKKVERETETHPRX
187,A0095,R06,53.0,1,27.0,442.0,780.0,,90080.0,52.0,12.0,0,1,0,101,MEPVDPRLEPWNHPGSQPKTPCTPCYCKRCCLHCQVCFMKKGLGISYGRKKRRKRRRPPQDSEDHQGPLSKQPTSQPRGDPTGPEESKKKVERETETHPRD
188,A0095,R07,54.0,1,25.0,442.0,734.0,,90080.0,20.0,12.0,1,1,0,101,MEPVDPRLEPWNHPGSQPKTPCTPCYCKRCCLHCQVCFITKGLGISYGRKKRRKRRRSPQDSETHQAPLSKQPTSQPRGDPTGPEESKXKVERETETHPRA
189,A0096,R01,48.0,0,19.0,99.0,213.0,935.0,207536.0,1250.0,9.0,1,0,0,101,MEPVDPRLEPWKHPGSQPRTACTSCYCKKCCFHCQVCFITKGLGISYGRKKQRQRRRTPPDSQTHQASLSKQPASQTGGDQTGPKESKKKVERETETDPVH
190,A0096,R03,50.0,0,28.0,99.0,468.0,1822.0,207536.0,48.0,11.5,1,0,0,101,MXXVDPRLEPWKHPGSQPRTPCTNCYCKKCCFHCQVCFTTKGLGISYGRKKRRQRRRPPQDNQTHQVPLSKQPASQTGGDPTGPKESKKKVERETETDPVH
191,A0096,R06,52.0,0,23.0,99.0,561.0,,207536.0,20.0,12.0,1,0,0,101,XXXVDPRLEPWKHPGSQPRTPCTNCYCKKCCFHCQVCFTTKGLGISYGRKKRRQRRRPPQDNQTHQVPLSKQPTSQTGGDPTGXXESKKKVERETETDPVH
192,A0096,R07,54.0,0,30.0,124.0,678.0,785.0,120290.0,20.0,11.0,1,0,0,101,MEPVDPRLEPWKHPGSQPKTACTTCYCKKCCFHCQVCFTTKALGISYGRKKRRQRRRPPQGSQTHQVSLSKQPASQTGGDPTGPKESKKKVESKTETDPVH
193,A0097,R00,44.0,1,8.0,54.0,582.0,2003.0,393894.0,50.0,,1,1,0,101,MEPVDPRLXPWKHPGSQPKTACTNCYCKKCCLHCQVCFMKKGLGISYGRKKRRQRRRXPQDSEDHQGSLSKQPTSQPRGDPTGPKESKKKVERETETDPVH
194,A0098,R00,50.0,1,22.0,,52.0,1054.0,,249.0,,1,1,1,101,MEPVDPRLEPWKHPGSQPRTPCTNCFCKKCCFHCQVCFTTKGLGISYGRKKRRQRRRAPQDSQTHQDYLSKQPTSQPGGDPTGPKESKKKVERETATDPVH
195,A0098,R01,50.0,1,22.0,7.0,52.0,1054.0,100000.0,249.0,,1,1,1,101,MEPVDPRLEPWKHPGSQPRTPCTNCFCKKCCFHCQVCFTTKGLGISYGRKKRRQRRRAPQDSQTHQDYLSKQPTSQPGGDPTGPKESKKKVERETATDPFH
196,A0098,R03,51.0,1,23.0,7.0,248.0,1541.0,100000.0,48.0,9.0,1,1,0,101,MEPVDPRLEPWNHPGSQPKTPCTPCYCKRCCLHCQVCFITKGLGISYGRKKRRKRRXAPQDSEAHQEPLSKQPTSQPRGDPTGPEESKKKVERETETHPRD
197,A0099,R00,44.0,1,5.0,,435.0,1960.0,1022.0,1134.0,,1,1,0,101,MEXXDPXXXPWKHPGSQPKTPCTPCYCKRCCFHCQVCFITKGLGISYGRKKRRQRRRAPPDSETHQASLSKQPASQARKDPTGPKESKKKVKRETEADPVD
198,A0100,R00,33.0,1,0.0,827.0,923.0,704.0,,50.0,,0,0,0,101,MXPVDXXXEPWKHPGSQPKTACTNCYCKKCCFHCQVCXTTKALGISYGRKKRRQRRRAPXDSQTHQXSLSKQPASQARKDPTGPKESKKKVKRETEADPVD
199,A0100,R08,40.0,1,8.0,525.0,1185.0,1107.0,12870.0,20.0,10.0,1,0,0,101,MEPVDPRLEPWKHPGSQPRTACTPCYCKKCCYHCQVCFITKGLGISYGRKKRRQRRRPPQDSQTHQGYLSEQPASQPRGDPTGPEESKKKVERETETDPLH
200,A0101,R00,55.0,1,9.0,534.0,585.0,2361.0,,2891.0,,0,1,0,101,MEPVDPRLEPWKHPGSQPRTPCTRCYCKKCCFHCQVCFTTKGLGISYGRKKRRQRRRAPQDSQTDQGYLPKQPPSQSRGNPTGPEEQKKKVEKEAETDPFA
201,A0102,R00,41.0,1,10.0,,99.0,1133.0,,100000.0,,0,1,1,101,MEPVDPRLEPWKHPGSQPKTACTNCYCKKCCFHCQVCFTTKGLGISYGRKKRRQRRRAPQGSQSHQVSLPKQPTSQSGGDPTGPEKSKKKVEKXTETDPXX
202,A0103,R00,42.0,1,14.0,200.0,557.0,727.0,,104.0,,1,1,0,101,MEPVDPRLEPWKHPGSQPETACTNCYCKKCCFHCQVCFTTKGLGISYGRKKRRQRRRAPQDSQTHQVSLSKQPASQARKDPTGPKESKKKVKRETEADPVD
203,A0104,R02,41.0,1,17.0,252.0,489.0,,268480.0,50.0,7.0,1,1,0,101,MDPVDPKLEPWKHPGSQPKTPCTACYCKKCCFHCQKCFLKKGLGISYGRKKRRQRRRAPQDSEDHQGYLPKQPTSQPRGDQTGQKEPXKKVETETEADPVA
204,A0105,R00,56.0,1,3.0,302.0,307.0,603.0,,59.0,,1,1,0,86,MEPVDPRLEPWKHPGSQPRTACTNCYCKKCCLHCQVCFTRKGLGISYGRKKRRQRRRTPQGSKDHQGHLPKQPASQPXGNPTGPEE
205,A0105,R01,57.0,1,4.0,169.0,379.0,712.0,1180.0,70.0,5.5,1,1,0,101,MEPVDPRLEPWKHPGSQPKTACTNCYCKKCCLHCQVCFMKKGLGISYGRKKRRQRRRAPQDSEDHQGSLSKQPASQPRGNPTGPEEQKKKVERETETDPRD
206,A0106,R00,45.0,1,5.0,144.0,298.0,583.0,43047.0,1215.0,,1,0,1,101,XEPVDPRLEPWKHPGSQPKTACTTCYCKKCCFHCQVCFITKGLGISYGRKKRRQRRRAPQDSQTDQAPLSEQPASQPXGDTTGPKESKKKVETETEVDPGX
207,A0107,R00,43.0,1,3.0,162.0,565.0,873.0,455000.0,76.0,,1,0,0,101,MEPVDPRLEPWKHPGSQPKTACTPCYCKKCCFHCQVCFTKKALGISYGRKKRRQRRRAPQDSQTDQGYLPKQPTSQPRGDPTGPEESKKKVERETETDPVD
208,A0107,R01,44.0,1,3.0,162.0,659.0,989.0,455000.0,140.0,12.0,1,0,0,101,MEPVDPRLEPWKHPGSQPKTACTPCYCKKCCFHCQVCFTKKALGISYGRKKRRQRRRAPQDSQTDQGYLPKQPGPQHRGDPTGPKESKKKVERETEAGPKD
209,A0107,R02,44.0,1,4.0,162.0,720.0,989.0,455000.0,64.0,8.0,1,0,0,101,MEPVDXRLEPWKHPGSQPKTACTPCYCKKCCFHCQVCFTKKALGISYGRKKRRQRRRAPQDSQTDQGYLPKQPGPQHRGDPTGPKESKKKVERETEAGPKD
210,A0107,R03,45.0,1,6.0,162.0,95.0,1193.0,455000.0,154.0,9.5,0,0,0,101,MEPVDPRLEPWKHPGSQPKTACTPCYCKKCCFHCQVCFTKKALGISYGRKKRXQRRXAPQDSXTDQGYLPKQPSPQHRGDPTGPKESKKKVERETEAGPKD
211,A0107,R04,46.0,1,7.0,95.0,381.0,1110.0,455000.0,123.0,10.0,1,0,0,101,MEPVDPRLEPWKHPGSQPKTACTPCYCKKCCFHCQVCFTKKALGISYGRKKRRQRRRAPQDSQTDQGYLPKQPTPQHRGDPTGPKESKKKVERETEAGPKD
212,A0107,R05,46.0,1,4.0,95.0,388.0,1509.0,455000.0,48.0,11.5,1,0,0,101,MEPVDXXLXPWKHPGSQXKTACTHCYCKKXCFHCQVCFTTKALGISYGRKKRRQRRRAHQDSQTDQGYXPKQPXPQHRGDPTGPKESKKKVERETEAGPKD
213,A0107,R06,47.0,1,6.0,95.0,230.0,1116.0,455000.0,611.0,10.5,1,0,0,101,MEPVDSRLEPWKHPGSQPKTACTPCYCKKCCFHCQVCFTKKALGISYGRKKRRQRRRAPQDSQTDQGYLPKQPGPQHRGDPTGPKESKKKVERETEAGPKD
214,A0107,R07,47.0,1,6.0,95.0,670.0,,455000.0,20.0,11.0,1,0,0,101,MEPVDPRLEPWKHPGSQPKTACTPCYCKKCCFHCQVCFTKKALGISYGRKKRRQRRRAPQDSQTDQGYLPKQPTPQHRGDPTGPKESKKKVERETEAGPKD
215,A0107,R08,48.0,1,7.0,95.0,550.0,,455000.0,106.0,9.0,1,0,0,101,MEPVDPRLEPWKHPGSQPKTACTPCYCKKCCFHCQVCFTKKALGISYGRKKRRQRRRAPQDSQTDQGYLPKQPSPQHRGDPTGPKESKKKVERETEAGPKD
216,A0107,R09,49.0,1,9.0,128.0,885.0,1316.0,750000.0,20.0,9.0,1,0,0,101,MEPVDPRLEPWKHPGSQPKTACTPCYCKKCCFHCQVCFTKKALGISYGRKKRRQRRRAPQDSQTDQGYLPKQPGPQHRGDPTGPKESKKKVERETEAGPKD
217,A0107,R10,49.0,1,9.0,128.0,885.0,1316.0,750000.0,20.0,9.0,1,0,0,101,MEPVDPRLEPWKHPGSQPKTACTPCYCKKCCFHCQVCFTKKALGISYGRKKRRQRRRAPQDSQTDQGYLPKQPXPQHRGDPTGPKESKKKVERETEAGPKD
218,A0109,R00,39.0,1,8.0,198.0,582.0,533.0,66865.0,52.0,,1,0,1,101,MEPVDPRLEPWKHPGSQPKTPCTPCYCKRCCFHCQVCFTKKGLGISYGRKKQKQRQRAPPDSETDQGYLPKQPASQARKDPTGPKESKKKVKRETEADPVD
219,A0109,R11,46.0,1,16.0,198.0,606.0,377.0,89.0,20.0,11.0,1,0,0,101,MDPVDPKLEPWKHPGSQPKTACTNCYCKQCCFHCQVCFITKGLGISYGRKKRRQRRRINQDNQNHQVPLPKQPTTQPRGDQTGPKESKKKVESETETDHVD
220,A0110,R00,41.0,1,7.0,,770.0,720.0,,897.0,,0,1,1,86,MEPIDPRLEPWKHPGSQPKTACTNCYCKKCCFHCQVCFTKKALGISYGRKKRRQRRRAXQXSQTHQDSLSKQPTSQLGGNPTGPKE
221,A0110,R01,41.0,1,8.0,420.0,821.0,803.0,1236.0,660.0,1.5,0,1,0,86,MEPVDPRLEPWKHPGSQPKTACTNCYCKKCCLHCQVCFMKKGLGISYGRKKRRQRRRTPQDSEDHQGSLSKQPTSQLGGNPTGPKE
222,A0110,R02,44.0,1,8.0,420.0,642.0,2078.0,1236.0,459.0,4.0,0,1,0,86,MEPVDPRLEPWKHPGSQPRTPCNNCYCKKCCLHCQVCFLTKGLGISYGRKKRRQRRRAPRDSKTHQASLSKQPTSQLGGNPTGPKE
223,A0110,R03,42.0,1,9.0,420.0,590.0,2010.0,1236.0,1232.0,8.0,0,1,0,86,MDPVDPRLEPWXHPGSQPKTACTTCYCKKCCYHCQHCFITKGLGISYGRKKWRKRRRAPQDSQTHQGXLSKQPTSQLGGNPTGPKE
224,A0110,R04,43.0,1,10.0,420.0,575.0,1997.0,1236.0,756.0,12.0,0,1,0,101,MEPVDPRLEPWKHPGSQPKTACTNCYCKKCCLHCQVCFMKKGLGISYGRKKRRQRRRTPQDSEDHQGSLSKQPTPQHRGDPTGPKESKKKVERETEAGPKD
225,A0110,R05,43.0,1,10.0,420.0,748.0,786.0,1236.0,779.0,7.5,0,1,0,86,IEPVDPRLEPWKHPGSQPRTPCNNCYCKRCCLHCQVCFSRKGLGISHGRKKRRQRRRASRDSETHQRSLSKQPXSXLGGNPTGPKE
226,A0110,R06,44.0,1,11.0,420.0,471.0,,1236.0,1152.0,11.5,0,1,0,86,MEPVDPRLEPWKHPGSQPRTPCNNCYCKKCCLHCQVCFLTKGLGISYGRKKRRQRRRAPRDSETHQTSLSKQPTSQLGGNPTGPKE
227,A0110,R10,47.0,1,14.0,352.0,634.0,630.0,1648.0,20.0,5.5,1,1,1,86,MEPVDPRLEPWEHPGSQPRTPCNNCYCKKCCLHCQVCFLTKGLGISYGRKKRRQRRRAPRDSKTHQASLSKQPTSQLGGNPTGPKE
228,A0111,R07,65.0,1,29.0,532.0,1308.0,1512.0,210.0,20.0,10.0,1,1,0,10,MEPVNPKLEP
229,A0113,R00,47.0,1,14.0,,643.0,886.0,,4570.0,,0,0,1,101,MEPVDPRLEPWKHPGSQPRTPCTSCYCKQCCFHCQXCFXTKGLGISYGRKKRRQRRRAPQGSQTHQVSLPKQPASQARKDPTGPKESKKKVKRETEADPVD
230,A0113,R01,48.0,1,15.0,516.0,605.0,825.0,18456.0,1700.0,10.0,0,0,0,101,MEPVDPRLEPWKHPGSQPRTPCTSCYCKQCCFHCXVCFXTKGLGXSYGRKKRRQRRRXPXGSQTXXVSLPKQPASQPGGDPTGPKESKKKVERETETDPVH
231,A0113,R02,48.0,1,16.0,454.0,454.0,825.0,18456.0,12341.0,9.5,0,0,0,86,MEPVDPRLEPWKHPGSQPRTPCTSCYCKXCCFHCQMCFITKGLGISYGRKKRRQRRRAPQGSQTHQVXLPKQPTSQSRGDPTGPKE
232,A0116,R00,49.0,1,31.0,,255.0,1235.0,,39020.0,,0,1,1,102,MDPVDPKLEPWKHPGSQPKTACTNCYCKKCCFHCQVCFITKGLGISYGRKKRRQRRRPPQDSEAHQDSLSKQPTSQPGGDPTGPKESKKKVERETETHPVDQ
233,A0117,R00,39.0,1,1.0,309.0,520.0,407.0,100000.0,59.0,,1,0,1,101,MEPVDPRXEPWKHPGXQPXTACTNCYCKXCCFHCQVCFITKGLGISYGRKKRXQRRRAPQDSETHQASLXXQPPSQSRGNPTGPKEQKKKVEKEAETDPFD
234,A0117,R01,40.0,1,3.0,309.0,686.0,401.0,100000.0,270.0,12.0,1,0,1,101,MEPVDPRLEPWKHPGSQPRTACTSCYCKQCCFHCQVCFITKGLGISYGRKKRGQRRRPPQDSETHQASLPKQPASQPRGDPTGPTEPKKKVERETEADPEY
235,A0117,R02,40.0,1,4.0,309.0,859.0,490.0,221836.0,48.0,12.0,1,0,1,101,MEPVDPRLEPWKHPGSQPRTACTSCYCKQCCFHCQVCFITKGLGISYGRKKRGQRRXAPQDSETHQASLPKQPASQPRGDPTGPTEPKKKVERETEADPEY
236,A0117,R03,41.0,1,6.0,309.0,699.0,1529.0,221836.0,48.0,12.0,1,0,0,101,MEPVDPRLEPWKHPGSQPRTACTSCYCKQCCFHCQVCFITKGLGISYGRKKRGQRRRPPQDXETHQASLPKQPASQPRGDPTGPTEPKKKVERETEADPXX
237,A0117,R05,42.0,1,6.0,309.0,743.0,,221836.0,48.0,12.0,1,0,0,101,MEPVDPRLEPWKHPGSQPRTACTSCYCKQCCFHXQVCFITKGLGISYGRKKRGQRRRPPQXGETHQASLPKQPASQPRGDPTGPTEPKKKVERETEADPXX
238,A0117,R06,43.0,1,7.0,290.0,290.0,,56428.0,56428.0,12.0,1,0,0,101,MEPVDPRLXPWKHPGSQPKTACTXCYCKKCCLHCQVCFMKKGLGISYGRKKRRQRRRAPQDSEDHQGSLSKQPASQPRGDPTGPTEPKKKVERETEADPEY
239,A0117,R07,43.0,1,8.0,290.0,491.0,,56428.0,706.0,12.0,1,0,0,101,MEPVDPRLEPWKHPGSQPKTACTSXYXKQCCFHXQVCFITKGLGXSXGRKKRGQRXXXHQDSQTHQAXLPKQPASQPRGDPTGPTEPKKKVERETEADPEY
240,A0117,R10,46.0,1,10.0,276.0,506.0,490.0,100000.0,4452.0,12.0,1,0,0,99,MEPVDPRLEPWKHPGSQPRTACTSCYCKQCCFHCQVCFITKGLGISYGRKKRGQRRRSPQDSETHQASLPKQPASQPRGDPTGPTEPKKKVERETEXDP
241,A0117,R11,46.0,1,10.0,276.0,506.0,490.0,100000.0,4452.0,10.0,1,0,1,101,MEPVDPRLEPWKHPGSQPRTACTSCYCKQCCFHCQVCFITKGLGISYGRKKRGQRRRSPQDSETHQASLPKQPASQPRGDPTGPTEPKKKVERETEADPEY
242,A0118,R00,53.0,0,4.0,290.0,290.0,1538.0,,580.0,,1,1,1,101,MDPIDPRLEPWKHPGSQPKTACTACYCKRCCYHCQVCFITKGLGISYGRKKRRQRRRAPQDSQDHQVPLSKQPTSQLRGDPTGPEESKKKVERETETDXXX
243,A0119,R00,48.0,1,14.0,,539.0,892.0,,2614.0,,0,1,1,101,MXPVDPRLEPWKHPGSQPXTACTXCYCKQCCXHCXXXFITKGLGISYGRKKRRXRRRXPQDSQTHQXXLPKQPASQAREDPTGPKESKKKVERETEADPVD
244,A0121,R00,43.0,1,16.0,,488.0,1173.0,,170.0,,1,1,1,101,MEPVDPRLEPWQHPGSQPQTPCTYCYCKKCCFHCQSCFPRKGLGISYGRKKRRQRRRTPQDSETHQAPLPKQPASQARKDPTGPKESKKKVKRETEADPVD
245,A0124,R00,46.0,1,10.0,500.0,713.0,950.0,,3926.0,,0,0,1,101,MEPVDPRLEPWKHPGSQPKTACTTCYCKKCCLHCQVCFTKKGLGISYGRKKRRQRRRTPQGSEDHQGSLSKQPSSQPRGNPTGPKESKEKVERETXTDQVD
246,A0124,R02,47.0,1,9.0,317.0,317.0,484.0,3926.0,48.0,12.0,1,0,1,101,MEPVDPRLEPWKHPGSQPRTPCNNCYCKKCCLHCQVCFLTKGLGISYGRKKRRQRRRAPRDSETHQTSLSKQPASQPQGDPTGPKESKKKVETETETDPID
247,A0125,R00,19.0,1,0.0,,,,,,,0,1,1,99,MDPVDPNLEPWKHPGSQPKTACTKCYCKKCCFHCQHCFVTKGLGISYGRKKRRQRRRAHXXSQIHQDSLSKQPSSQLPGDPTGPKESKKKVERETEADP
248,A0127,R00,56.0,1,9.0,171.0,260.0,641.0,93280.0,400.0,,1,1,1,101,MEPVDPSLEPWKHPGSQPRTACTNCYCKKCCFQCQVCFITKGLGISYGRKKRRQRRRAPQDSQTHQEALSKQPASQPRGDPTGPKESKKKVERETETNPDD
249,A0127,R07,62.0,1,18.0,141.0,501.0,,50.0,20.0,8.0,1,1,1,101,MEPVDPSLEPWKHPGSQPRTACTTCYCKKCCFHCQKCFISKGLGISYGRKKRRQRRRAPQDSQTHQEALSKQPTSXPRGDPTGPKESKKKVETETETDPDD
250,A0131,R00,43.0,0,18.0,178.0,254.0,1591.0,83600.0,24420.0,5.0,1,1,1,101,MEPVDXRXXPWKHPGSQPKTACTNCYCKKCCLHCQVCFMKKGLGISYGRKKRRQRRXXPQDSEDHQGSLSKQPASQPGRNTTGPKESKKKVERETETDPID
251,A0131,R01,49.0,0,24.0,178.0,605.0,1705.0,25811.0,20.0,10.0,1,1,0,101,MEPVDPRLEPWKHPGSQPKTPCTHCYCKRCCFHCQVCFITKGLGISYGRKKRRQRRRAPPDSETHQVSLSKQPASQPGGNPTGPKESKKKVERETETDPID
252,A0132,R00,53.0,1,12.0,184.0,813.0,543.0,118000.0,48.0,11.0,1,0,0,86,IEPIDPRLEPWQHPGSQPKTPCTSCYCKKCCFHCQXCFMTKGLGIYYGRKKRRQRRRPPQDSQTHQASLSKQPTSQPRGDPTGPKE
253,A0132,R01,54.0,1,13.0,184.0,925.0,543.0,118000.0,48.0,7.0,1,0,0,101,MEPIDPRLEPWQHPGSQPKTPCTSCYCKKCCFHXXXCFMTKGLGIYYGRKKRRQRRRAPQDSQTHQASLSKQPTSQPRGDPTGPKESKKKVERETETDPED
254,A0132,R02,55.0,1,13.0,184.0,747.0,3215.0,118000.0,48.0,12.0,1,0,0,101,MEPVDPRLEPWQHPGSQPKTPCTSCYCKKCCFHXXXCFMTKGLGIYYGRKKRRQRRRAXQNSQTHQASLSKQPTSQPRGDPTGPKESKKKVERETETDPED
255,A0132,R03,55.0,1,14.0,184.0,1219.0,3625.0,118000.0,48.0,12.0,1,0,0,101,MEPIDPRLEPWQHPGSQPKTPCTSCYCKKCCFHXXXCFMTKGLGIYYGRKKRRQRRRXPXNXQTHQASLSKQPTSQPRGDPTGPKESKKKVERETETDPED
256,A0132,R04,56.0,1,14.0,184.0,1252.0,,118000.0,48.0,7.0,1,0,0,101,MEPIDPRLEPWQHPGSQPKTPCTSCYCKKCCFHCQXCFMTKGLGIYYGRKKRRQRRRAPQDSQTHQASLSKQPTSQPRGDPTGPKESKKKVERETETDPED
257,A0132,R06,57.0,1,15.0,184.0,1282.0,,118000.0,20.0,11.5,1,0,0,101,MEPIDPRLEPWQHPGSQPKTPCTSCYCKKCCFHCQVCFMTKGLGIYYGRKKRRQRRRPPQDSETHQASLSKQPASQPRGDPTGPKESTKKVERETETNPDD
258,A0132,R07,57.0,1,16.0,184.0,1408.0,,118000.0,20.0,6.0,1,0,0,101,MEPIDPRLEPWQHPGSQPKTPCTSCYCKKCCFHCQXCFMTKGLGIYYGRKKRRQRRXAPQDSQTHQASLSKQPTSQXRGDPTGPKESKKKVERETXTDPED
259,A0133,R02,41.0,1,9.0,50.0,56.0,896.0,159000.0,17965.0,12.0,1,0,0,101,MEPVDPRLEPWKHPGSQPKTPCNSCFCKRCCFHCQXCFITKGLGISYGRKKRRQRRRAPQNSQTHQGPLPKQPASQPRGDPTGPKESKKKVERETETDPVH
260,A0135,R00,38.0,1,9.0,379.0,483.0,736.0,190.0,60.0,12.0,1,1,0,86,MEPVXXKLXXWKHPGSQPKTACTPCYCKRCCYHCQNCFITKGLGISYGRKKRRQRRRASQDSQNHQDSLSKQPXSQPRGDPTGPKE
261,A0139,R10,56.0,1,24.0,545.0,933.0,692.0,95.0,20.0,3.5,1,1,1,101,MEPVDPRLEPWKHPGSQPKTACTNCYCKKCCFHCQVCFTTKGLGISYGRKKRRQRRRXXQGGQTHQAXLSKQPTSXXRGDPTGPKEXKKKVERETXTDPFX
262,A0142,R00,44.0,1,9.0,45.0,119.0,835.0,122440.0,13840.0,12.0,1,1,1,101,MEPVDPXLEPWKHPGSQPKTACTKCYCKKCCLHCQVCFMKKGLGISYGRKKRRQRRXXPQDSEDHQGSLSKQPTSQARGDPTGPKESXEKVERETETDPVD
263,A0142,R02,45.0,1,10.0,45.0,226.0,1081.0,122440.0,6230.0,12.0,1,1,1,101,MEPVDPRLEPWKHPGSQPKTACNKCYCKSCCFHCQVCFITKGLGISYGRKKRRQRRRTHQDSQTHQVSLSKQPXSQHRGDPTGPKESKKKVERETETDPDN
264,A0142,R03,46.0,1,11.0,45.0,226.0,1081.0,122440.0,62320.0,12.0,1,1,1,101,MEPVDPRLEPWKHPGSQPKTACNKCYCKSCCFHCQVCFITKGLGISYGRKKRRQRRGTHQDSQTHQVSLSKQPTSQPRGDPTGPKESEKKVERETETDPVD
265,A0142,R04,46.0,1,11.0,45.0,224.0,1188.0,122440.0,39420.0,12.0,1,1,1,101,MEPVDPRLEPWKHPGSQPKTPCTSCYCKKCCFHCQVCFMTKGLGISYGRKKRRQRRRAHXNSXXHQASLSKQPTSQXRGDPTGPKESEKKVERETETDPVD
266,A0145,R02,52.0,1,25.0,156.0,311.0,920.0,144930.0,37490.0,7.0,1,1,0,101,MEPVDPRLEPWKHPGSQPRTPCTTCYCKKCCFHCQVCFITKGLGISYGRKKRRQRRRSPQDSQXHQVPLPKQPASQPRGDPTGPKESEKKVERETETDPVN
267,A0145,R03,53.0,1,28.0,156.0,477.0,872.0,144930.0,2130.0,11.0,1,1,0,101,MEPVDPRLEPWKHPGSQPRTPCTTCYCKKCCFHCQVCFITKGLGISYGRKKRRQRRRAPQDSXTHXVPLPKQPASQPRGDPTGPKESEKKVEKETEMDPVN
268,A0145,R09,57.0,1,28.0,156.0,874.0,931.0,152014.0,80.0,9.0,1,1,1,101,MEPVDPRLEPWKHPGSQPRTPCTTCYCKKCCFHCQVCFITKGLGISYGRKKRRQRRRAPQDSQTHQVXLPKQPASQPRGDPTGPKESEKKVEKETEMDPVN
269,A0145,R11,58.0,1,26.0,156.0,797.0,736.0,152014.0,20.0,3.0,1,1,1,101,MEPVDPRLEPWKHPGSQPRTPCTTCYCKKCCFHCQVCFITKGLGISYGRKKRRQRRRSPQDSPTHQVPLPKQPSSQPPGDPTGPKEQEKKVERETETDPVH
270,A0146,R00,41.0,1,16.0,314.0,483.0,368.0,16884.0,48.0,10.0,1,0,0,86,XXXXXXXXXPWKHPGSQPKTACTNCYCKKCCLHCQVCFMKKGLGISYGRKKRRQRRRXPQDSEDHQGSLSKQPASQPRGDPTGPKE
271,A0147,R00,50.0,1,8.0,12.0,17.0,148.0,723038.0,723038.0,3.0,0,1,0,101,MEPVDPRLEPWKHPGSQPKTDCTNCYCKRCCFHCQVCFMKKGLGISYGRKKRRQRRXXPXDSEDHQGSLSKQPASQHRGDPTGPKESKKKVERETETDPDN
272,A0147,R01,51.0,1,9.0,10.0,,,941330.0,,,0,1,0,101,MEPVDPRLEPWKHPGSQPKTACTPCYCKKCCLHCQVCFTKKGLGISYGRKKRRQRRRAPQDSEDDQGYLSKQPASQHRGDPTGPKESKKKVERETETDXXX
273,A0147,R02,52.0,1,10.0,10.0,141.0,766.0,941330.0,10190.0,8.0,1,1,0,101,MEPVDPRLEPWKHPGSQPRTDCTSCYCKRCCFHCQVCFMKKGLGISYGRKKQRQRRRTPPGSETHQVPLSKQPXXQHRGDPTGPKESKKKVERETETDXDN
274,A0147,R03,56.0,1,13.0,10.0,70.0,696.0,941330.0,36170.0,9.0,1,1,1,101,MEPVDPRLEPWKHPGSQPKTDCTNCCCKRCCFHCQVCFMKKGLGISYGRKKRRQRRRTPXGSQTHQASLSKQPASQHRGDPTGPKESKKKVERETETDPXX
275,A0151,R02,57.0,1,17.0,317.0,536.0,315.0,38860.0,48.0,11.5,1,1,1,101,MEPVDPNLEPWKHPGSQPKTACNTCYCKKCSFHCQVCFVKKGLGISYGRKKRRQRRRAPQDSQTDQASLSKQPSSQARGDPTGPKESKKKVESETEADPDA
276,A0152,R00,51.0,1,17.0,,770.0,1238.0,,48.0,6.0,1,1,0,101,MDPVDPRLEPWKHPGSQPKTACTPCYCKKCCFHCQVCFTTKGLGISYGRKKRRQRRRXPQDCKTHQGPLSKQPTSQPQGDPTGPKESKKKVERETETDPKD
277,A0153,R00,65.0,0,19.0,94.0,351.0,1479.0,12156.0,48.0,8.5,1,1,0,101,MEPVDPRLEPWKHPGSQPQTACTXCYCKKCCYHCQVCFITKGLGISYGRKKRRQRRRAPPDSQNHQGSLPKQPTTQPSGDPTGPKESKEKVERETEAHPSN
278,A0154,R00,51.0,1,22.0,0.0,328.0,1322.0,131508.0,48.0,12.0,1,0,0,101,MEPVDPRLEPWKHPGSQPKTACTSCYCKRCCFHCQVCFTKKGLGISYGRKKRRQRRTAPRDSEVHQISLSKQPASQARKDPTGPKESKKKVKRETEADPVD
279,A0155,R00,45.0,1,24.0,466.0,152.0,1066.0,100000.0,18020.0,12.0,1,1,0,101,MEPVDPRLEPWKHPGSQPKTACTNCYCKKCCFHCQVCFITKGLGISYGRKKRRPRRRAPHGSETHQGSLSKQPAAQPPGDPTGPKXSKKKVERETETHPFX
280,A0156,R00,45.0,1,15.0,75.0,598.0,458.0,13497.0,60.0,9.0,1,1,0,101,MEPVDPRLEPWKHPGSQPKTPCTNCYCKKCCFHCQVCFMTKGLGISYGRKKRGQRRRTPLDSEGHQVPLPKQPASQAGKDPTGPKESKKKVKRETEADPDA
281,A0159,R00,44.0,0,16.0,120.0,275.0,916.0,1831.0,48.0,9.0,1,1,0,86,MEPVDPRLEPWKHPGSQPKTACTNCYCKKCCFHCQVCFMTKALGISYGRKKRRQRRRAHQNSQTHQASLSKQPTSQSRGDPTGPKE
282,A0159,R01,47.0,0,19.0,120.0,507.0,,1831.0,20.0,9.0,1,1,0,101,MEPVDPRLEPWKHPGSQPRTACTSCYCKKCCLHCQVCFMKKGLGISYGRKKRGQRRRAPQDSEDHQGSLSKQPASQARKDPTGPKESKKKVKRETEADPVD
283,A0160,R00,59.0,1,26.0,259.0,386.0,1714.0,11949.0,5890.0,10.0,1,1,0,101,MEPVDPKLEPWEHPGSQPKTACTPCYCKKCCLHCQVCFTKKGLGISYGRKKRRQRRRAPQDSEDHQVSLSKQPASQPRGDPTGPKESKKKVERETETDPDN
284,A0161,R00,32.0,1,11.0,888.0,1092.0,1564.0,8930.0,3510.0,10.0,0,0,0,101,MXPVXXRXXPWKHPGSQPKTACTNCYCKKCCLHCQVCFMKKGLGISYGRKKRRQRRRXPQDSEDHQGSLSKQPTSQPRGDPTGPKEPKKKVERETETDPEH
285,A0164,R00,51.0,1,22.0,445.0,746.0,2020.0,365848.0,48.0,9.0,1,1,0,101,MEPVDPRLEPWKHPGSQPRTACTNCYCKKCCLHCQVCFVKKGLGISYGRKKRRQRRRAPQDSADHQGSLPKQPSSQPRGDQTGPKKSKKEVXXEAXTDPVX
286,A0164,R01,52.0,1,26.0,445.0,660.0,1343.0,365848.0,48.0,11.5,1,1,0,101,MEPVDPRLEPWKHPGSQPRTACTNCYCKKCCFHCQVCFITKGLGISYGRKKRRQRRRAPQDSPXHQVSLPKQPSSQPRGDQTGPKKSKKEVERETETDPVD
287,A0164,R02,53.0,1,26.0,443.0,591.0,2133.0,365848.0,48.0,11.0,1,1,0,101,MEPVDPRLEPWKHPGSQPRTACTNCYCKKCCLHCQVCFMKKGLGISYGRKKRRQRRRTPQDSADHQVSLPKQPSSQPRGDQTGPKKSKKEVEREAETDPVD
288,A0164,R04,54.0,1,26.0,443.0,630.0,,365848.0,20.0,10.0,1,1,0,101,MEPVDPRXEPWKHPGSQPRTACTNCYCKKCCFHCQVCXXTKGLGISYGRKKRRQRRRAPQDSPPHQVSLPKQPSSQPRGDQTGPKKSKKEVEREAETDPVD
289,A0164,R09,57.0,1,20.0,507.0,905.0,1201.0,133145.0,109.0,10.0,1,1,0,101,MEPVDPRLEPWKHPGSQPRTXCTNCYCKKCCFHCQVCXITKGLGISYGRKKRRQRRRAPQDSPPHQVSLPKQPSSRPPGDPTGPKEQEKKVERETETDPDH
290,A0167,R00,41.0,1,20.0,,,,,,6.0,0,0,1,101,MEPXDPXXXXWKHPGSQPKTACTNCYCKKCCLHCQVCFMKKGLGISYGRKKRRQRRXXPQDSEDHQGSLSKQPSSQSRGDPTGPKESKKKVERETETDPCD
291,A0171,R00,47.0,1,31.0,615.0,744.0,1175.0,910.0,840.0,6.5,0,1,1,101,MDPVDPKLEPWKHPGSQPETACTNCYCKKCCLHCQVCFVKKGLGISYGRKKRRQRRRTSQGGEDHQVSLPKQPTSQPRGDPTGPKEQKKKVERETETDPEH
292,A0173,R00,45.0,0,13.0,957.0,1462.0,1078.0,210.0,48.0,6.0,1,1,0,39,MEPVDPRXEPWKHPGSQPKTACTSCYCKKCCLHCQVCFM
293,A0176,R00,52.0,0,16.0,48.0,186.0,840.0,750000.0,48.0,9.5,1,1,0,101,MEPVDPRLEPWKHPGSQPKTACTNCYCKKCCLHCQVCFMKKGLGISYGRKKRRQRRRAPQDSEAHQGSLSKQPASQPGGNPTGPKESKKKVERETETDPID
294,A0181,R00,41.0,1,23.0,15.0,58.0,681.0,24000000.0,80390.0,10.0,0,0,0,101,MEPVDPKLEPWKHPGSQPXTACTNCYCKKCCFHCQVCFTKKGLGISYGRKKRRQRRRXPQDSQTDQSYLPKQPTSQPRGDPTGPEESKEKVERETETHQRD
295,A0184,R05,51.0,1,15.0,675.0,858.0,2838.0,61714.0,48.0,12.0,1,0,0,101,MEPVDPRLEPWXHPGSQPRTPCTNCYCKKCCWHCQLCFITKGLGISYGRKKRRQRRRAPQGSETHQVSPSEQPASQPRGDPTGPKESKKKVERETETDPDN
296,A0186,R00,42.0,1,15.0,326.0,326.0,660.0,48.0,48.0,9.5,1,0,0,101,MEPVDPRLEPWQHPGSQPKTPCNNCYCKRCCFHCQVCFGSKGLGISYGRKKRRQRRRAPQNSQTHQVPLSDQPASQPRGDPTGPKESQKKVERETETDPVH
297,A0187,R00,55.0,1,10.0,333.0,333.0,961.0,85990.0,11890.0,10.0,0,1,1,101,MEPVDPRLEPWKHPGSQPRTACNTCYCKKCCFHCQVCFTRKALGISYGRKKRSQRRRTSQGSQTHQEPLPKQPASQPRGDPTGPKESKKKVERETETDXXX
298,A0189,R00,56.0,1,18.0,425.0,722.0,1534.0,5048.0,780.0,12.0,0,0,0,102,MEPVDPSLEPWKHPGSQPKTACTSCYCKKCCLHCQVCFTNKGLGISYGRKKRGRRRRTPQDSEDHQGSLSEQPTPQPRGDPTGPKESKKKVERETETDPIDQ
299,A0192,R03,49.0,1,4.0,167.0,167.0,873.0,117516.0,117516.0,10.0,1,0,0,101,MDPVDPRLEPWKHPGSQPKTACTKCYCKKCCWHCQVCFLTKGLGISYGRKKRRQRRRAHQDSETHQASLSKQPSSQPRGDPTGPEEQKKKVERETEXHPGX
300,A0193,R00,41.0,1,22.0,511.0,511.0,1088.0,100.0,48.0,4.5,1,1,0,101,MDPVDPKLEPWKHPGSQPRTACTTCYCKKCCYHCQVCFTKKGLGISYGRKKRRQRRRAPEGSQTHQVYLPKQPTSQPRGDPTGPKESEKKVERETETDQVD
301,A0194,R02,55.0,0,13.0,496.0,967.0,2140.0,258.0,48.0,10.0,1,1,0,101,MEPVDPSLEPWKHPGSQPRTACTSCYCKKCCFHCQVCFIKKGLGISYGRKKRRQRRRTPQDNQSHQVSLSKQPTXQHRGDPTGPKESKKKVERETEAGPKD
302,A0195,R00,45.0,1,14.0,232.0,392.0,2214.0,47162.0,50.0,11.0,1,1,0,101,MEPVDPRLEPWKHPGSQPKTACTNCYCKKCCLHCQVCFMKKGLGISYGRKKRRQRRRAPQDSEDHQGSLSKQPASQARKDPTGPKESKKKVKRETEADPVD
303,A0196,R00,51.0,1,20.0,162.0,306.0,754.0,21282.0,21282.0,7.0,1,1,0,101,MEPVXPSLEPWKHPGSQPKTACTPCHCKKCCYHCQVCFITKGLGISYGRKKRRQRRRAHQDSETHQASLSKQPTSXXXGDPTGPKKSKEKVERETETDPVD
304,A0198,R00,45.0,1,3.0,272.0,596.0,320.0,71590.0,17880.0,12.0,0,0,1,101,MEPVDPRLEPWKHPGSQPRTACSSCYCKKCCLHCQVCFMKKGLGISYGRKKRRQRRRPPQDSEDHQGALSEQPASQPRGDPTGPKESKKKVERETETDPIH
305,A0198,R07,49.0,1,6.0,272.0,728.0,,71590.0,20.0,12.0,1,0,1,101,MEPVXXRLEPWKHPGSQXXXACTTXYCKKCCXHCQVCFXXKGLGISYGRKKRRQRRRAPXNSXXHQAXXSKQPXXQPRGDPTGPKESKKKVERETETDPIH
306,A0199,R00,44.0,1,3.0,777.0,777.0,781.0,,,9.0,0,0,0,101,MNPVNPKLEPWKHPGSQPKTACTKCYCKECCWHCQVCFLKKGLDISYGRKKRRQRRKAPQGSEDHQGSLPKQPSSQPPGDPTGPKEQEKKVERETETDPDH
307,A0199,R01,45.0,1,1.0,448.0,448.0,1400.0,19100.0,14377.0,10.0,0,0,0,101,MDPVDPRLEPWKHPGSQPKTACTKCYCKKXCWHCQVCFLTKGLGISYGRKKRRQRRRAPQGSKTHQGSLPKQPSSQPPGDPTGPKEQEKKVERETETDPDH
308,A0199,R02,45.0,1,1.0,448.0,448.0,,19100.0,14377.0,6.5,0,0,0,31,MDPVDPRLEPWKHPGSQPKTACTKCYCKKCC
309,A0199,R03,46.0,1,2.0,353.0,353.0,1300.0,19100.0,48.0,9.0,0,0,0,101,MDPVDPRLEPWKHPGSQPKTACTKCYCKKCCWHCQVCFLTKGLGISYGRKKRRQRRRAPQGSETHQGSLPKQPSSRPPGDPTGPKEQEKKVERETETDPDH
310,A0199,R04,46.0,1,2.0,353.0,623.0,1957.0,19100.0,48.0,11.0,1,0,0,101,MDPVDPRLEPWKHPGSQPKTACTKCYCKKCCWHCQVCFLTKGLGISYGRKKRRQRRRAPQGSETHQGSLPKQPSSQPRGDQTGPKKSKKEVERETETDPFD
311,A0199,R07,48.0,1,5.0,353.0,608.0,,19100.0,20.0,12.0,1,0,0,10,MDPVDPRLEP
312,A0200,R00,43.0,1,11.0,20.0,428.0,1288.0,105058.0,18360.0,10.0,1,1,0,101,MDPVDPRLEPWKHPGSQPKTACTTCYCKRCCFHCQKCFMTKGLGISYGRKKRRQRRRAPQSSQTHHDSLSKQPTSQTRGDQTGPEESKKKVERETETDPVD
313,A0200,R02,44.0,1,12.0,20.0,556.0,1222.0,105058.0,48.0,12.0,1,1,0,101,MEPVDPRLEPWKHPGSQPKTACTNCYCKRCCFHCQKCFMTKGLGISYGRKKRRQRRRAPQSSQTHQDSLSKQPXXQPRGDQTGPEESKKKVERETETDPVD
314,A0206,R00,67.0,0,6.0,694.0,694.0,1041.0,2535.0,1550.0,12.0,0,1,0,101,IEPVDPSLEPWKHPGSQPKTPCTSCYCKRCCFHCYNCFMTKGLGISYGKKKRRQRRRAPKENQTHQASLPKQPASQPRGDPTGPKESKKKVETETETDPID
315,A0207,R00,37.0,1,13.0,189.0,189.0,875.0,127070.0,127070.0,9.0,0,1,0,101,MEPVDPRLEPWKHPGSQPKTACTNCYCKKCXXHCQVCFITKGLGISYGRKKRRQRRRASQNSQTHQASLSKQPTTQLRGDQTGPKESKKEVERETETDPFD
316,A0208,R00,37.0,1,5.0,23.0,548.0,1792.0,409091.0,48.0,9.5,1,1,0,101,MEPVDPRLEPWKHPGSQPKTACTQCYCKKCCLHCQVCFMKKGLGISYGRKKRGQRRRSPQGSEVHQGSLPKQPASQPRGDPTGPKESXKKVERETETDPEA
317,A0208,R01,38.0,1,5.0,23.0,598.0,1792.0,409091.0,48.0,10.0,1,1,0,101,MEPVDPRLEPWKHPGSQPKTACTQCYCKKCCFHCQVCFMKKGLGISYGRKKRGQRRRSPQGSEIHQXXLXKQPASQPRGDPTGPKESKKKVERETETDPEA
318,A0208,R02,38.0,1,5.0,23.0,617.0,1792.0,409091.0,48.0,12.0,1,1,0,101,IEPVDPSLEPWKHPGSQPKTACTHCYCKRCCFHCQVCFXTKGLGISYGKKKRGQRRRSPQGSXIHQGSLSKQPASQPRGDPTGPKESKKKVERETETDPEA
319,A0209,R00,44.0,1,16.0,403.0,564.0,834.0,53520.0,70.0,12.0,0,1,1,101,MEPVDPRLEPWKHPGSQPRTACTTCYCKKCCFHCQVCFTTKGLGISYGRKKRRQRRRAPPQXQSDSSRFSIKPXSQPRGDPTGPKEPKKKVEREAETDPVD
320,A0209,R01,46.0,1,16.0,403.0,659.0,713.0,53520.0,294.0,10.0,1,1,1,101,MEPVDPRLEPWKHPGSQPRTACTNCYCKKCCFHCQVCFTTKGLGISYGRKKRRQRRRAHPQXQSDSSSFSIKPTSQPRGDPTGPKEPKKKVERETETDPXX
321,A0209,R05,49.0,1,16.0,403.0,861.0,785.0,53520.0,20.0,12.0,1,1,1,101,MEPVDPKLEPWKHPGSQPKTACTSCYCKKCCFHCQVCFITKGLGISYGRKKRRQRRRAPQDSQXHQASLSKQXTXQPRGDPTGPKEPKKKVEREAETDPVD
322,A0209,R06,50.0,1,22.0,331.0,854.0,700.0,141000.0,430.0,12.0,1,1,1,101,MEPVDPSLEPWKHPGSQPKTACTNCYCKKCCFHCQVCFITKGLGISYGRKKRRQRRXAHQDSQIHQVPLSKQPTSQPRGDPTGPKESKKKVERETETDXXH
323,A0210,R00,60.0,1,12.0,298.0,370.0,1325.0,334690.0,38300.0,10.0,1,0,0,101,MEPVDPRLEPWKHPGSQPKTACTTCYCKKCCLHCQVCFMKKGLGISYGRKKRRQRRRAPYDSEDHQDPLPKQPASQXXGDPTGPEESKKKVEREXETDPID
324,A0211,R00,40.0,1,22.0,127.0,143.0,1736.0,126255.0,24890.0,11.0,0,1,1,101,MEPVDPRLEPWKHPGSQPKTACTNCYCKKCCLHCQVCFTKKGLGISYGRKKRRQRRRTPQDSEDDQGSLSKQPTSQPRGDPTGPKESKKKVERETETDQLD
325,A0213,R00,53.0,1,13.0,384.0,767.0,975.0,97521.0,48.0,11.0,1,0,0,101,MXPVDXXXXPWKHPGSQPKTACTNCYCKKCCLHCQVCFMKKGLGXSYGRKKRRQRRRXPQDSEDHQGSLSKQPTSQPRGDPTGPEESKKKVERETETGPNH
326,A0213,R02,57.0,1,16.0,384.0,1240.0,,97521.0,20.0,12.0,1,0,0,101,MEPVDPXXEXWKHPGSQPXTACTTCYCKKCCXHCQVCXXTKGLGISYGRKKRRQRRRAPQDSXXHQGSLSKQPASQARKDPTGPEESKKKVKRETEAGPDH
327,A0214,R00,65.0,0,,248.0,740.0,1504.0,569.0,48.0,5.5,1,1,1,101,MEPIDPNLEPWKHPGSQPKTACNKCYCKKCCFHCQVCFITKGLGISYGRKKRRQRRRTPQDSKTHQAALSEQPASQHRGDPTGPKESKKKVERETETDPVD
328,A0215,R00,37.0,1,10.0,195.0,314.0,452.0,85808.0,516.0,12.0,1,1,1,101,MEPVDHKLEPWKHPGSQPKTPCTPCYCKKCCFHCQVCFTKKGLGISYGRKKRRQRRRPPQDSXXXXGSLSKQPTSQQRGDPTGPKESKEKVERETAADPFD
329,A0215,R06,41.0,1,14.0,195.0,828.0,,85808.0,33.0,,1,1,1,101,MEPVDHKLEPWKHPGSQPKTPCTNCYCKKCCFHCQVCFTKKGLGISYGRKKRRQRRRTSQDSETHQASLSKQPTSQPRGDPTGPKESKKKVERETETDXXD
330,A0215,R07,41.0,1,14.0,195.0,618.0,,85808.0,20.0,11.5,1,1,0,101,MEPVDHKLEPWKHPGSQPKTPCTNCYCKKCCFHCQVCFTKKGLGISYGRKKRRQRRRTSQDSETHQASLSKQPTSQPRGDPTGPKESKKKVERETETDXXD
331,A0217,R00,47.0,1,26.0,503.0,854.0,,,48.0,10.5,1,0,0,101,MEPVDPRLEPWKHPGSQPKTACTTCYCKKCCFHCQVCFMTKGLGISYGRKKRRQRRRAPQDSXXHQGSLSKQPGPQHRGDPTGPKESKKKVERETEAGPKD
332,A0220,R00,33.0,1,5.0,353.0,714.0,830.0,217956.0,48.0,11.0,1,1,0,101,MEPVDPRLEPXKHPGSQPKTACTPCYCKKCCFHCQVCFIKKGLGISYGRKKRRQRRRAPQDSEDHQASLSKQPSSQHRGDPTGPKKPKXXVERETXADPVN
333,A0223,R03,67.0,0,23.0,331.0,491.0,649.0,192.0,220.0,12.0,1,1,0,101,MEPVDPRLEPWKHPGSXPKTACTSCYCKKCCFHCQVCFITKGLGISYGRKKRRQRRRAHQDSQTHQASLSKQXTXQLRGDPTGPKESKKKVERETETDPIN
334,A0223,R06,71.0,0,28.0,89.0,525.0,,227.0,20.0,11.0,1,1,0,101,MEPIDPXLEPWQHPGSQPKTACTACYCKQCCYHCQHCFITKGLGISYGRKKWRKRRRAHQDSQTHQGSLSKQPTSQPRGDPTGPKESKKKVERETETDPXD
335,A0231,R00,54.0,1,7.0,171.0,242.0,816.0,24710.0,48.0,5.0,1,1,0,101,MDPVDPRLEPWKHPGSQPKTACTNCYCKKCCFHCQKCFITKGLGISYGRKKRRQRRRAPQESEDHQXSLSKQPTAXXXGDPTGPKESKKKVERETETDPVH
336,A0235,R01,59.0,1,22.0,477.0,581.0,876.0,4460000.0,48.0,9.5,1,1,0,101,MEPVDPRLEPWKHPGSQPKTACTPCYCKKCCLHCQVCFTKKGLGISYGRKKRRQRRRAPQGSEVHQASLPKQPXPQHRGDPTGPKXSKKKVERETEAGPKD
337,A0238,R00,63.0,1,1.0,15.0,117.0,855.0,142290.0,48.0,9.0,1,0,0,101,MEPVDPKLEPWQHPGSQPKTACTSCYCKKCCYHCQVCFVSKGLGISYGRKKRRQRRRAPQDSQAHQVSPPNQPTSQSRGDQTGPKESKKEVERETETDPCA
338,A0238,R06,67.0,1,4.0,15.0,93.0,,142290.0,240.0,3.5,0,0,0,101,MEPVDPRLEPWKHPGSQPXXACTTCYCKKCCFHCQVCXXXKGLGISYGRKKRRQRRRAHXDSQTHQGSLSKQXXXXSRGDQTGPKESKKEVERETETDPCA
339,A0239,R00,34.0,1,10.0,10.0,198.0,,230000.0,12665.0,12.0,1,0,0,101,MDPVDPKLEPWKHPGSQPNTPCTNCYCKKCCFHCQVCFTKKGLGISYGRKKRIKRRRPSQDSQTHQGPLPKQXXSQPRGDPTGPKESKKKVERETETDPED
340,A0241,R01,59.0,1,24.0,263.0,515.0,1046.0,385000.0,17140.0,8.0,1,1,0,31,MEPVDPSLEPWKHPGSQPKTACNPCYCKKCC
341,A0241,R03,64.0,1,29.0,263.0,511.0,719.0,568940.0,73.0,9.0,1,1,0,101,MEPVDPNLEPWKHPGSQPKTACXTCYCKKCCFHCQKCFTTKGLGISYGRKKRGQRRRXXQDSKTHQASXSKQSTPQPRGDPTGPKESKKEVERETETDPKD
342,A0242,R00,39.0,1,13.0,20.0,300.0,793.0,138089.0,70.0,11.5,1,1,0,101,IEPVDPSLEPWKHPGSQPKTPCTNCYCKRCCFHCYNCFMTKGLGISYGKKKRRQRRRAPKENQTHQASLPKQPASQARKDPTGPKESKKKVKTETEADPVD
343,A0247,R07,48.0,1,18.0,162.0,414.0,836.0,125293.0,20.0,10.0,1,0,0,101,MEPVDPRLEPWEHPGSQPKTACNNCYCKRCCYHCQVCFITKGLGISYGRKKRRQRXXAPQDNXTHQEYLSKQPTSQPRGDPTGPKESKKKVERETETDPVD
344,A0248,R05,58.0,1,3.0,66.0,513.0,,1510.0,20.0,12.0,1,1,0,101,IEPVDPSLEPWKHPGSQPKTPCTNCYCKRCCFHCYNCFMTKGLGISYGRKKRRQRRRAHQDXXTHQASLSKQXXXQPRGNPTGPKEQKKKVEKEAETDPFX
345,A0263,R03,48.0,1,21.0,258.0,415.0,703.0,184.0,20.0,8.0,1,1,1,101,MEPVDPRLEPWKHPGSQPRTACTLCYCKKCCFHCQVCFMTKGLGISYGRKKRRQRRRASXDSQTHQAXXXXXPSSQPRGDPTGPKESKKEVAREAETXPDT
346,A0264,R01,57.0,1,11.0,621.0,696.0,720.0,4320.0,146.0,7.5,1,1,0,101,MEPVDPRLEPWQHPGSQPKTACTTCYCKQCCLHCQVCFMKKGLGISYGRKKRRQRRRASQDSEDHQASLSKQPASQARKDPTGPKESKKKVKREAEADPVD
347,A0265,R02,49.0,1,6.0,597.0,707.0,707.0,460000.0,48.0,9.5,1,0,0,101,MEPVDPRLEPWKHPGSQPKXACTNCYCKKCCFHCQVCFTXKGLGISYGRKKRRQRRRAHQDSQXHQASLSKQPTSQPRGDPTGPKESEKKVERETETHPGN
348,A0270,R04,49.0,0,21.0,123.0,424.0,925.0,430.0,20.0,12.0,1,0,0,95,MEPVDPRLEPWKHPGSQPKTACTSCYCKKCCFHCQVCFITKGLGISYGRKKRRQRRRAHQDSXXHQGSLSKQPXXQPRGDPTGPKESKKKVETET
349,A0272,R01,42.0,1,24.0,6.0,114.0,899.0,181271.0,48.0,6.0,1,1,0,101,MEPVDPRLEPWKHPGSQPRTACTPCYCKKCCYHCQVCFMKKGLGISYGRKKRGQRRRYPQDSEDHQASLPKQPASQARKDPTGPKESKKKVKRETEADPVD
350,A0278,R05,56.0,1,33.0,408.0,625.0,811.0,2890.0,20.0,11.0,1,0,1,101,MEPVDPKLEPWKHPGSQPRTPCTPCYCKRCCFHCQVCFTKKGLGISYGRKKRRQRRRAPPGSEIDQISLPKQPTSQPSGDPTGPKESEKKVERETETDQGH
351,A0279,R04,47.0,1,25.0,375.0,378.0,,38147.0,14404.0,11.5,0,0,0,86,MEPVDPRLEPWKHPGSQPKTACTSCYCKKCCFHCQVCFITKGLGISYGRKKRRQRRRAHQDSQXHQGSLSKQPXXQPGGDQTGPKE
352,A0282,R01,46.0,1,23.0,294.0,552.0,1142.0,24715.0,48.0,9.0,1,1,0,101,MEPVDPSLEPWKHPGSQPKTPCTNCYCKRCCLHCQKCFTKKGLGISYGRKKRRQRRRAPLDSEDHQVPLSKQPASQSRGDPTGPKESKKKVERETETDPVH
353,A0284,R07,62.0,1,23.0,418.0,660.0,,75129.0,35.0,6.0,1,0,0,101,MEPVDPRLEPWKHPGSQPKTPCTSCYCKKCCYHCQACFITKGLGISYGRKKRRQRRRAHQDSETHQDHLPEQPTSQPRGDPTGPKESKKKVERETETDPVD
354,A0285,R06,52.0,1,13.0,345.0,641.0,674.0,140.0,20.0,8.0,1,1,1,101,MEPVDPRLEPWKHPGSQPKTPCTPCYCKRCCFHCQVCFITKGLXISYGRKKRRQRRRAPPDXXTHQASLSKQPTSQPRGDPTGPKESKKKVERETETDXXX
355,A0289,R01,44.0,1,25.0,369.0,483.0,2756.0,660.0,49.0,6.0,1,1,0,102,MEPIDPRLEPWKHPGSQPKTACTNCYCKKCCFHCQVCFTKKGLGISYGRKKRRQRRRAPQDSQAHQGSLSKQPXTRPRGDPTGPKESKKKVETETETAPHDQ
356,A0293,R03,51.0,1,5.0,258.0,426.0,497.0,10970.0,48.0,11.0,1,1,0,101,MEPVDPRLEPWKHPGSQXXXACTXXYCKKCCXHCQVCFXXKGLGISYGRKKRRQRRRAHXDSQXHQASLSKQPASQPRGDPTGPKESKKKVERETETDPVH
357,A0294,R00,56.0,1,14.0,759.0,759.0,,,48.0,12.0,1,1,0,99,MEPVXPXXEPWKHPGSQPRTACNNCYCKKCCWHCQVCFITKGLGISYGRKKRRQRRRASQDSKTHQASLPKQPTSQHRGDQTGPKESKKKVETETEAXP
358,A0304,R01,46.0,1,11.0,164.0,328.0,328.0,1000.0,6870.0,7.0,1,1,1,101,MEPVDPSLAPWKHPGSQPRTPCNNCYCKKCCFHCQSCFTTKGLGISYGRKKRRQRRKTPRDSQTHQDPLSKQPASQARKDPTGPKESKKKVKRETEADPVD
359,A0309,R01,50.0,1,13.0,8.0,490.0,,43067.0,20.0,7.0,1,0,0,101,MEPVDPRLEPWKHPGSQPKTACTPCYCKKCCFHCQVCFTKKALGISYGRKKRRQRRRAPQDSQDDQGYLPKQPTSQSRGDQTGQKEPKKKVETETXXDPFA
360,A0310,R02,53.0,1,20.0,158.0,185.0,,680.0,680.0,7.0,1,1,0,101,MEPVDPRLXPWKHPGSXXXTACXNCYCKKCCXHCQVCXXXKGLGISYGRKKRRQRRRAHXXSXXHQAXLSKQSAPQPRGDQTGPKESKKKVERETETDPDN
361,A0312,R00,33.0,1,6.0,374.0,396.0,635.0,11480.0,11480.0,12.0,0,1,1,99,MEPVDPKLEPWKHPGSQPRTACTNCYCKKCCFHCQVCFTKKGLGISYGRKKRRQRRRPPQDSQTDQSYLPKQPTSQPRGDPTGPKESKKTVERETETDQ
362,A0314,R00,45.0,1,20.0,161.0,174.0,668.0,100654.0,32610.0,11.0,1,0,1,101,MDPVDPRLEPWKHPGSQPKTACTNCYCKRCCFHCQKCFTTKALGIFYGRKKRGQRRRAPQDSQTHQVSLSKQPASQXXGDPTGPKESKKKVESETETDPVH
363,A0318,R03,51.0,1,26.0,336.0,500.0,1217.0,6500.0,20.0,9.0,1,1,0,101,MEPVDPRLEPWKHPGSQPKTACNNCYCKRCCFHCQVCFTRKGLGISYGRKKRRQRRRPAQDSQAHQVSLSKQPASQLRGDPTGPKESKKKVERETETDPVD
364,A0319,R01,45.0,0,15.0,717.0,1084.0,,1140.0,21.0,2.5,1,1,0,101,MEPVDPRLEPWKHPGSQPRTACTSCYCKKCCFHCQVCFIKKGLGISYGRKKRGQRRRAPQDSETHQAXXXKQPTSKLQGDPTGPKEPKKKVERETETDPDH
365,A0323,R08,51.0,1,13.0,91.0,522.0,888.0,293000.0,120.0,12.0,1,0,0,101,MEPVDPRLEPWKHPGSQPKTACTPCYCKKCCFHCQVCFMTKGLGISYGRKKRRQRRRADQGSQTHQASLSEQPASQPRGDPTGPKKSKKEVERETKADPNV
366,A0335,R03,53.0,0,18.0,736.0,3269.0,1153.0,48.0,20.0,11.0,1,0,0,101,MDPVDPRLEPWQHPGSQPKTACTTCFCKKCCYHCQHCFITKGLGISYGRKKWRKRRRTPQDSQTHQGTLPKQPTSQPRGDPTGPKESKKKVETETETDPCD
367,A0339,R00,22.0,1,4.0,426.0,426.0,2006.0,119.0,80.0,8.0,1,0,0,101,MEPVDPRLEPWKHPGSQPRTACTNCYCKKCCFHCQVCFTKKGLGISYGRKKRRQRRRPPQDSQTDQSYLPKQPSSQPRGDPTGPKESKEKVEREAETDPVN
368,A0355,R00,48.0,1,18.0,452.0,452.0,2206.0,130.0,68.0,11.0,1,1,0,101,MEPVDPRLEPWKHPGSQPKTACNKCYCKKCCFHCQVCFITKGLGISYGRKKRRQRRRXPQDXQTHQVSLSXQPXSQPQGDPTGPKEPKKKVEKETGTDPVA
369,A0358,R00,54.0,1,12.0,38.0,38.0,752.0,88090.0,81567.0,10.0,1,0,0,101,MEPVDXRLEPWKHPGSQPKTPCTNCYCKKCCFHCQVCFTTKGLGISYGRKKRRQRRRAPQDSQTHQEYLSKQPTSQPGGDPTGPKEQKKKVERETETDPYD
370,A0369,R00,44.0,0,12.0,57.0,57.0,994.0,84385.0,56260.0,9.5,0,1,1,101,MEPVDPSLEPWKHPGSQPKTACTNCYCKKCCFHCQVCFIXKGLGISYGRKKRRQRRAAHHDSQTHQVSLSKQPTXQPRGDPTGPTESXKKVERETETDXXD
371,A0371,R00,53.0,1,7.0,300.0,546.0,958.0,1480.0,1480.0,9.0,0,0,0,101,MEPVDPRLEPWKHPGSQPKTACTNCYCKKCCFHCQVCFITKALGISYGRKKRRQRRRPPQGSQTHQVSLSKQPTSXPRGDPTGPKEXKKKVERETETDPFD
372,A0372,R00,51.0,1,7.0,200.0,,,,,12.0,0,1,1,101,MDPVDPKLEPWKHPGSQPKTACTNCYCKRCCFHCQVCFITKGLGISYGRKKRRQRRRTPQDSRTHQEDLSKQPASQARKDPTGPKESKKKVKRETEADPVD
373,A0373,R00,55.0,1,25.0,380.0,542.0,940.0,210.0,48.0,12.0,1,1,0,101,IKPVDPRLEPWQHPKSQPRTACTNCYCKKCCLHCQVCFTTKSLGISYGKKKQRKRRRAPQDSSTHQVSLSKQPXSQPRGDQTGQKXPKKKXETETEADPVA
374,A0375,R00,60.0,1,12.0,145.0,446.0,855.0,96500.0,48.0,11.0,1,1,0,102,MEPVDPKLEPWKHPGSQPKTPCNXCYCKXCCFHXQVCFITKGLGISYGRKKRRPRRRTPQDSKTHQASLSEQPASRPRGDPTGPKKSXXEVXRETXTDQVPX
375,A0378,R00,56.0,1,7.0,4.0,326.0,512.0,14137.0,48.0,8.5,1,1,0,101,MEPVDPRLEPWKHPGSQPRTACTKCYCKKCCLHCQVCFLTKGLGISYGRKKRRQRRRASQDCQTHQDSLSKQPASQARKDPTGPKESKKKVKRETEADPVD
376,A0380,R00,41.0,1,5.0,57.0,57.0,1033.0,14400.0,14400.0,12.0,1,1,0,99,MDPVDPRLEPWKHPGSQPKTACNNCYCKKCCWHCQLCFLKKGLGISYGRKKRRQRRRTNXXSQTHQGDLSKQPXSQLRGDPTGXXEQKKKVESKTETDP
377,A0382,R00,42.0,1,9.0,285.0,649.0,3619.0,56140.0,7398.0,9.0,0,0,1,101,MEPVDPRLEPWKHPGSQPKTPCTNCYCKKCCFHCQVCFITKGLGISYGRKKRRQRRRPPQGSQTHQVSLSKQPASQARKDPTGPKESKKKVKRETEADPVD
378,A0383,R04,47.0,1,18.0,343.0,1163.0,,960.0,95.0,12.0,1,0,0,101,MEPVDPRLEPWKHPGSQPKTACTTCYCKKCCLHCQVCFMTKGLGISYGRKKRRQRRRPPLDSQTNQGALSKQPTXQPRGDPTGPKESKKKVETETETDPXX
379,A0392,R00,29.0,1,7.0,,,,,,12.0,0,0,0,101,MEPVDPRLEPWKHPGSQPGTPCTKCYCKKCCFHCQVCFISKGLGISYGRKKRRQRRRAHQDCQNHQVPLSKQPTSQPRGDQTGQKEPXKKVETETEADPVA
380,A0394,R00,55.0,1,20.0,483.0,575.0,1543.0,11860.0,228.0,12.0,1,1,0,101,MDPVDPRLEPWKHPGSQPKTACNSCYCKKCCFHCQVCFTKKGLGISYGRKKRRQRRRPPQDSQTHQVSLSKQPXSQLRGDPTGPKEPKKKXESETETDPXX
381,A0395,R00,50.0,0,22.0,223.0,400.0,2151.0,1334820.0,48.0,11.5,1,1,0,101,MEPVDPRLEPWEHPGSQPKTACTSCYCKKCCFHCQVCFTTKGLGISYGRKKRRQRRAAPHDSETHQVSLSKQPASQPRGDPTGPKESXXXXERETETDPVH
382,A0399,R00,40.0,1,19.0,223.0,307.0,1205.0,97880.0,97880.0,12.0,0,1,1,101,MDPVDPSLEPWKHPGSQPKTACTNCYCKKXCFHCQMCFVTKGLGISYGRKKRRQRRRANQGSQTHQVSLPKQPSSQPRGDPTGQKEXKKAVESKTETDPID
383,A0405,R00,34.0,1,6.0,483.0,483.0,443.0,1965.0,1965.0,12.0,0,0,0,101,MDPVDPRLEPWKHPGSQPKTACTNCYCKKCCWHCQVCFLTKGLGISYGRKKRRQRRRASQGSKTHQDSLPKQPSSQPRGDPKGPEEQKKKVERETETDPVH
384,A0410,R02,47.0,1,7.0,631.0,741.0,1175.0,48.0,48.0,8.0,1,0,0,101,MEPVDPRLEPWKHPGSQPRTACTPCYCKMCCFHCQVCFITKGLGISYGRKKRGQRRRAHQDSETHQASLSKQPTSQPRGDSTGPKEPKKXVERETEXDPXL
385,A0411,R01,40.0,1,6.0,127.0,242.0,,65746.0,57271.0,11.0,1,1,1,101,MEPVDPRLEPWNHPGSQPTTPCTPCYCKKCCYHCQVCFITKGLGISYGRKKWRQRRRAHQDGETHXGSLSKQPAPQPGGDTTGPKKSKKEVERTTETDXXX
386,A0427,R00,56.0,1,7.0,150.0,160.0,780.0,45300.0,14264.0,12.0,1,1,0,101,MDPVDPRLEPWKHPGSQPKTACTXXYCKXXCFHCQVCFXKKGLGISYGRKKRRQRRRAPQDSQSHQVSLSKQPTSQPRGDPTGPXESKKKVEREAEADPSN
387,A0436,R01,54.0,1,5.0,39.0,806.0,1361.0,32390.0,20.0,7.0,1,1,0,102,MEPVDPRLEPWKHPGSQPRTACTPCYCKQCCFHCQVCFTTKGLGISYGRKKRRRRRRASLDSQNNQDSLPKQPSSQPRGDPTGPTESKKKVERETETDPVTQ
388,A0446,R00,56.0,1,19.0,255.0,818.0,621.0,16337.0,48.0,9.0,1,1,1,101,MEPVDPRLEPWQHPGSQPRTACTSCYCKKCCFHCQKCFTTKGLGISYGRKKRRQRRTXPGDSXIHQVSLSKQPTAQVRGDPTGPKESKKKVERETETDPVN
389,A0447,R00,51.0,1,9.0,118.0,226.0,459.0,100914.0,48.0,9.0,1,1,0,101,MEPVDPRLEPWKHPGSQPRTPCTSCYCKKCCFHCQVCFTTKGLGISYGRKKRRQRRRPHPDSEIHQDSISKQPTSXPRGDPTGPKESKKKVESETETDQFA
390,A0456,R02,48.0,0,15.0,691.0,919.0,,48.0,48.0,9.0,1,1,1,101,MEPVDPRLEPWKHPGSQPKTACTNCYCKKCCFHCQVCFAKKALGISYGRKKRRQRRRAPQNSXTHQDYLSKQPAXQPRGXPTGPXESKKKVERETXTDPAX
